-- phpMyAdmin SQL Dump
-- version 4.0.4.2
-- http://www.phpmyadmin.net
--
-- Host: localhost
-- Generation Time: Dec 18, 2019 at 09:21 AM
-- Server version: 5.6.13
-- PHP Version: 5.4.17

SET SQL_MODE = "NO_AUTO_VALUE_ON_ZERO";
SET time_zone = "+00:00";


/*!40101 SET @OLD_CHARACTER_SET_CLIENT=@@CHARACTER_SET_CLIENT */;
/*!40101 SET @OLD_CHARACTER_SET_RESULTS=@@CHARACTER_SET_RESULTS */;
/*!40101 SET @OLD_COLLATION_CONNECTION=@@COLLATION_CONNECTION */;
/*!40101 SET NAMES utf8 */;

--
-- Database: `cinema`
--
--CREATE DATABASE IF NOT EXISTS `cinema` DEFAULT CHARACTER SET latin1 COLLATE latin1_swedish_ci;
--USE `cinema`;

-- --------------------------------------------------------

--
-- Table structure for table `acteur`
--

CREATE TABLE IF NOT EXISTS `acteur` (
  `acteurID` int(6) NOT NULL,
  `nom` varchar(60) NOT NULL,
  `prenom` varchar(60) NOT NULL,
  `age` varchar(60) NOT NULL,
  `sexe` varchar(60) NOT NULL,
  `filmID` varchar(60) NOT NULL,
  PRIMARY KEY (`acteurID`),
  KEY `filmID` (`filmID`)
) ENGINE=InnoDB DEFAULT CHARSET=latin1;

--
-- Dumping data for table `acteur`
--

INSERT INTO `acteur` (`acteurID`, `nom`, `prenom`, `age`, `sexe`, `filmID`) VALUES
(601, 'Johnson', 'Dwayne', '47', 'homme', '501'),
(602, 'Ferrell', 'Will', '52', 'homme', '505'),
(603, 'Carell', 'Steve', '57', 'homme', '505'),
(604, 'Stallone', 'Sylvester', '73', 'homme', '505'),
(605, 'Statham', 'Jason', '52', 'homme', '505'),
(606, 'Schwarzenegger', 'Arnold', '72', 'homme', '505'),
(607, 'Rudd', 'Paul', '50', 'homme', '505'),
(608, 'Trejo', 'Danny', '75', 'homme', '505'),
(609, 'Stiller', 'Ben', '53', 'homme', '505'),
(610, 'Johansson', 'Scarlett', '34', 'femme', '502'),
(611, 'Phoenix', 'Joaquin', '45', 'homme', '503'),
(612, 'Phoe', 'Joa', '45', 'homme', '503'),
(613, 'Dicaprio', 'Leonardo', '45', 'homme', '503'),
(614, 'Cruise', 'Tom', '57', 'homme', '503'),
(615, 'Depp', 'Johnny', '56', 'homme', '502'),
(616, 'Clooney', 'George', '58', 'homme', '502'),
(617, 'Smith', 'Will', '51', 'homme', '502'),
(618, 'Reeves', 'Keanu', '55', 'homme', '502'),
(619, 'Johnson', 'Dakota', '30', 'femme', '502'),
(620, 'Jolie', 'Angelina', '44', 'femme', '502'),
(621, 'Jennifer', 'Lawrence', '29', 'femme', '502'),
(622, 'Kidman', 'Nicole', '52', 'femme', '502'),
(623, 'Kunis', 'Mila', '36', 'femme', '502'),
(624, 'Pitt', 'Brad', '55', 'homme', '503'),
(625, 'Watson', 'Emma', '29', 'femme', '504'),
(626, 'Webb', 'Rodney', '47', 'homme', '501'),
(627, 'Jennings', 'Callum', '47', 'homme', '502'),
(628, 'Morgan', 'Melissa', '45', 'femme', '502'),
(629, 'Émond', 'Oriel', '39', 'femme', '502'),
(630, 'Rodrigues', 'Thiago', '64', 'homme', '502'),
(631, 'Poljak', 'Verica', '29', 'femme', '502'),
(632, 'Grubisic', 'Ognjenka', '69', 'femme', '502'),
(633, 'Poljak', 'Tjesimir', '51', 'homme', '590'),
(634, 'Mendoza', 'Mae', '26', 'femme', '501'),
(635, 'Étoile', 'Porter', '41', 'homme', '549'),
(636, 'Baccus', 'Gregory', '41', 'homme', '508'),
(637, 'Clayton', 'Toby', '24', 'homme', '524'),
(638, 'Dias', 'Ana', '40', 'femme', '569'),
(639, 'Bennett', 'Kiera', '54', 'femme', '518'),
(640, 'Poisson', 'Crescent', '56', 'femme', '537'),
(641, 'Cardoso', 'Julia', '21', 'femme', '504'),
(642, 'Herve', 'Arno', '52', 'homme', '510'),
(643, 'Costa', 'Leticia', '48', 'femme', '563'),
(644, 'Bartlett', 'Hermine', '75', 'femme', '533'),
(645, 'Laframboise', 'Esmeraude', '55', 'femme', '558'),
(646, 'James', 'Matilda', '34', 'femme', '545'),
(647, 'Price', 'Richard', '59', 'homme', '570'),
(648, 'Abbott', 'Charlie', '38', 'femme', '565'),
(649, 'Topic', 'Tereza', '27', 'femme', '565'),
(650, 'Varga', 'Kruno', '55', 'homme', '544'),
(651, 'Lees', 'Phoebe', '71', 'femme', '593'),
(652, 'Pavic', 'Gordana', '50', 'femme', '584'),
(653, 'Dostie', 'Francis', '27', 'homme', '560'),
(654, 'Duffet', 'Huon', '26', 'homme', '519'),
(655, 'Ricard', 'Emmeline', '51', 'femme', '595'),
(656, 'Chandler', 'Joseph', '30', 'homme', '571'),
(657, 'Rodrigue', 'Damiane', '19', 'femme', '553'),
(658, 'Brkic', 'Zrinko', '56', 'homme', '535'),
(659, 'Basic', 'Darijo', '77', 'homme', '590'),
(660, 'Dolan', 'Amy', '49', 'femme', '504'),
(661, 'Bilic', 'Mila', '28', 'femme', '587'),
(662, 'Goncalves', 'Antonio', '77', 'homme', '568'),
(663, 'Farrell', 'Jennifer', '74', 'femme', '594'),
(664, 'Martins', 'Gabrielle', '64', 'femme', '516'),
(665, 'Staples', 'Laverne', '56', 'homme', '515'),
(666, 'Antunovic', 'Nevenka', '67', 'femme', '582'),
(667, 'Wilkins', 'Oscar', '42', 'homme', '587'),
(668, 'Stephens', 'Amber', '20', 'femme', '518'),
(669, 'Farrell', 'Harry', '40', 'homme', '574'),
(670, 'Corbin', 'Favor', '45', 'femme', '587'),
(671, 'Beland', 'Claudette', '26', 'femme', '569'),
(672, 'Lima', 'Thais', '39', 'femme', '574'),
(673, 'Grubisic', 'Edi', '62', 'homme', '570'),
(674, 'Wallace', 'Brian', '36', 'homme', '535'),
(675, 'Parker', 'Harriet', '68', 'femme', '521'),
(676, 'Fisher', 'Lola', '28', 'femme', '588'),
(677, 'Loncar', 'Andela', '59', 'femme', '551'),
(678, 'Davidson', 'Isabel', '28', 'femme', '595'),
(679, 'Leonard', 'Kyle', '57', 'homme', '559'),
(680, 'Bozic', 'Anja', '54', 'femme', '509'),
(681, 'Correia', 'Yasmin', '32', 'femme', '592'),
(682, 'Topic', 'Brankica', '56', 'femme', '563'),
(683, 'Lapointe', 'Harriette', '24', 'femme', '545'),
(684, 'Kang', 'Christian', '51', 'homme', '506'),
(685, 'Harquin', 'Baptiste', '61', 'femme', '555'),
(686, 'Almeida', 'Breno', '37', 'homme', '568'),
(687, 'Arnold', 'Raymond', '76', 'homme', '566'),
(688, 'Laisne', 'Pomeroy', '40', 'homme', '514'),
(689, 'Vadeboncoeur', 'Eglantine', '54', 'femme', '579'),
(690, 'Boisclair', 'Pryor', '54', 'homme', '576'),
(691, 'Guimond', 'Vail', '42', 'homme', '558'),
(692, 'Barber', 'Alfie', '22', 'homme', '563'),
(693, 'Hughes', 'Julie', '23', 'femme', '596'),
(694, 'Burns', 'Max', '19', 'homme', '592'),
(695, 'Jacobs', 'Samuel', '30', 'homme', '561'),
(696, 'Condon', 'Kevin', '26', 'homme', '559'),
(697, 'Ali', 'Holly', '34', 'femme', '556'),
(698, 'Ayot', 'Phillipa', '20', 'femme', '596'),
(699, 'Barisic', 'Antonela', '71', 'femme', '536'),
(700, 'Matkovic', 'Simun', '77', 'homme', '514'),
(701, 'Zivkovic', 'Jelica', '50', 'femme', '503'),
(702, 'Barbosa', 'Vitoria', '33', 'femme', '539'),
(703, 'Katic', 'Cvijeta', '70', 'femme', '549'),
(704, 'Gpant', 'Zak', '49', 'homme', '554'),
(705, 'Buford', 'Lenora', '53', 'femme', '558'),
(706, 'Carvalho', 'Beatriz', '55', 'femme', '565'),
(707, 'Finley', 'Steven', '28', 'homme', '544'),
(708, 'Barros', 'Luis', '54', 'homme', '548'),
(709, 'Théberge', 'Somer', '69', 'homme', '537'),
(710, 'Redmond', 'Benjamin', '72', 'homme', '580'),
(711, 'Winkleman', 'John', '45', 'homme', '586'),
(712, 'Cosic', 'Pejo', '21', 'homme', '577'),
(713, 'Storey', 'Jake', '31', 'homme', '505'),
(714, 'Smith', 'Jennifer', '47', 'femme', '576'),
(715, 'Gibson', 'David', '55', 'homme', '529'),
(716, 'Shepherd', 'Greg', '71', 'homme', '521'),
(717, 'Boling', 'Albert', '25', 'homme', '562'),
(718, 'Bodnjak', 'Marija', '29', 'femme', '555'),
(719, 'Martins', 'Gabriela', '59', 'femme', '596'),
(720, 'Petrovic', 'Suncana', '75', 'femme', '580'),
(721, 'Vidovic', 'Ljubomir', '55', 'homme', '565'),
(722, 'Jurisic', 'Veselko', '63', 'homme', '596'),
(723, 'Castro', 'Carolina', '61', 'femme', '582'),
(724, 'Trudeau', 'Aiglentina', '63', 'femme', '582'),
(725, 'Marsh', 'Joel', '75', 'homme', '543'),
(726, 'Guertin', 'Toussaint', '30', 'homme', '588'),
(727, 'Demers', 'Joanna', '47', 'femme', '584'),
(728, 'Long', 'Gregory', '52', 'homme', '569'),
(729, 'Gpant', 'Cameron', '49', 'homme', '542'),
(730, 'Chalut', 'Delit', '33', 'femme', '527'),
(731, 'Gaillard', 'Granville', '28', 'homme', '520'),
(732, 'Cavalcanti', 'Igor', '58', 'homme', '597'),
(733, 'Charpie', 'Diane', '64', 'femme', '571'),
(734, 'Giguere', 'Yvette', '45', 'femme', '554'),
(735, 'Varga', 'Dragoslav', '22', 'homme', '525'),
(736, 'Barbosa', 'Leila', '28', 'femme', '584'),
(737, 'Butcher', 'Mohammad', '62', 'homme', '549'),
(738, 'Loncar', 'Drziha', '72', 'homme', '598'),
(739, 'Hayes', 'Phoebe', '63', 'femme', '598'),
(740, 'Ribeiro', 'Caio', '69', 'homme', '560'),
(741, 'Jerkovic', 'Jozo', '32', 'homme', '523'),
(742, 'Maravilla', 'George', '67', 'homme', '538'),
(743, 'Power', 'Freya', '59', 'femme', '562'),
(744, 'Marusic', 'Paula', '66', 'femme', '590'),
(745, 'Brkic', 'Anita', '27', 'femme', '526'),
(746, 'Edwards', 'Louie', '46', 'homme', '554'),
(747, 'Bourassa', 'Clemence', '25', 'femme', '544'),
(748, 'May', 'Jake', '32', 'homme', '545'),
(749, 'Parker', 'Petter', '45', 'femme', '579'),
(750, 'Metcalfe', 'Abbie', '48', 'femme', '572');

-- --------------------------------------------------------

--
-- Table structure for table `billet`
--

CREATE TABLE IF NOT EXISTS `billet` (
  `billetID` int(6) NOT NULL,
  `prix` int(6) NOT NULL,
  `clientID` int(6) NOT NULL,
  `projectionID` int(6) NOT NULL,
  PRIMARY KEY (`billetID`),
  KEY `clientID` (`clientID`),
  KEY `projectionID` (`projectionID`)
) ENGINE=InnoDB DEFAULT CHARSET=latin1;

--
-- Dumping data for table `billet`
--

INSERT INTO `billet` (`billetID`, `prix`, `clientID`, `projectionID`) VALUES
(1101, 7, 883, 144),
(1102, 7, 930, 215),
(1103, 7, 811, 115),
(1104, 7, 801, 124),
(1105, 7, 874, 111),
(1106, 7, 870, 151),
(1107, 7, 873, 67),
(1108, 7, 819, 69),
(1109, 7, 854, 74),
(1110, 7, 891, 95),
(1111, 7, 857, 230),
(1112, 7, 821, 196),
(1113, 7, 803, 299),
(1114, 7, 889, 157),
(1115, 7, 923, 242),
(1116, 7, 804, 107),
(1117, 7, 938, 184),
(1118, 7, 866, 95),
(1119, 7, 871, 219),
(1120, 7, 831, 259),
(1121, 7, 939, 365),
(1122, 7, 859, 43),
(1123, 7, 896, 153),
(1124, 7, 869, 204),
(1125, 7, 839, 93),
(1126, 7, 864, 107),
(1127, 7, 849, 227),
(1128, 7, 932, 171),
(1129, 7, 944, 171),
(1130, 7, 814, 110),
(1131, 7, 909, 172),
(1132, 7, 858, 179),
(1133, 7, 900, 176),
(1134, 7, 853, 35),
(1135, 7, 900, 63),
(1136, 7, 914, 103),
(1137, 7, 928, 274),
(1138, 7, 901, 22),
(1139, 7, 898, 121),
(1140, 7, 811, 197),
(1141, 7, 861, 212),
(1142, 7, 911, 105),
(1143, 7, 828, 181),
(1144, 7, 812, 214),
(1145, 7, 805, 102),
(1146, 7, 926, 251),
(1147, 7, 831, 270),
(1148, 7, 931, 246),
(1149, 7, 839, 163),
(1150, 7, 801, 23),
(1151, 7, 920, 214),
(1152, 7, 904, 21),
(1153, 7, 861, 288),
(1154, 7, 841, 198),
(1155, 7, 817, 70),
(1156, 7, 928, 231),
(1157, 7, 818, 215),
(1158, 7, 868, 31),
(1159, 7, 904, 50),
(1160, 7, 839, 178),
(1161, 7, 808, 160),
(1162, 7, 839, 229),
(1163, 7, 809, 266),
(1164, 7, 841, 258),
(1165, 7, 821, 126),
(1166, 7, 948, 49),
(1167, 7, 911, 108),
(1168, 7, 909, 6),
(1169, 7, 922, 126),
(1170, 7, 893, 17),
(1171, 7, 804, 57),
(1172, 7, 835, 175),
(1173, 7, 851, 337),
(1174, 7, 949, 121),
(1175, 7, 938, 197),
(1176, 7, 838, 255),
(1177, 7, 881, 111),
(1178, 7, 926, 92),
(1179, 7, 807, 149),
(1180, 7, 873, 205),
(1181, 7, 892, 221),
(1182, 7, 948, 201),
(1183, 7, 878, 224),
(1184, 7, 902, 13),
(1185, 7, 913, 169),
(1186, 7, 829, 25),
(1187, 7, 921, 37),
(1188, 7, 889, 9),
(1189, 7, 817, 277),
(1190, 7, 861, 248),
(1191, 7, 884, 109),
(1192, 7, 854, 18),
(1193, 7, 830, 52),
(1194, 7, 905, 217),
(1195, 7, 847, 99),
(1196, 7, 893, 29),
(1197, 7, 891, 135),
(1198, 7, 853, 33),
(1199, 7, 909, 84),
(1200, 7, 862, 20),
(1201, 7, 865, 155),
(1202, 7, 803, 16),
(1203, 7, 847, 65),
(1204, 7, 888, 45),
(1205, 7, 817, 314),
(1206, 7, 841, 102),
(1207, 7, 869, 160),
(1208, 7, 841, 109),
(1209, 7, 816, 239),
(1210, 7, 801, 85),
(1211, 7, 892, 263),
(1212, 7, 824, 142),
(1213, 7, 820, 325),
(1214, 7, 931, 212),
(1215, 7, 879, 236),
(1216, 7, 929, 222),
(1217, 7, 914, 289),
(1218, 7, 802, 167),
(1219, 7, 875, 244),
(1220, 7, 842, 218),
(1221, 7, 949, 88),
(1222, 7, 876, 57),
(1223, 7, 922, 146),
(1224, 7, 886, 22),
(1225, 7, 854, 161),
(1226, 7, 813, 148),
(1227, 7, 905, 207),
(1228, 7, 881, 79),
(1229, 7, 929, 275),
(1230, 7, 803, 52),
(1231, 7, 938, 84),
(1232, 7, 843, 92),
(1233, 7, 932, 232),
(1234, 7, 878, 234),
(1235, 7, 933, 210),
(1236, 7, 883, 184),
(1237, 7, 816, 236),
(1238, 7, 912, 154),
(1239, 7, 832, 267),
(1240, 7, 940, 1),
(1241, 7, 898, 365),
(1242, 7, 865, 120),
(1243, 7, 934, 135),
(1244, 7, 922, 73),
(1245, 7, 838, 290),
(1246, 7, 806, 104),
(1247, 7, 906, 62),
(1248, 7, 948, 228),
(1249, 7, 878, 343),
(1250, 7, 944, 36),
(1251, 7, 889, 181),
(1252, 7, 859, 101),
(1253, 7, 839, 68),
(1254, 7, 861, 259),
(1255, 7, 906, 236),
(1256, 7, 948, 254),
(1257, 7, 818, 335),
(1258, 7, 906, 20),
(1259, 7, 876, 15),
(1260, 7, 818, 66),
(1261, 7, 862, 314),
(1262, 7, 818, 140),
(1263, 7, 819, 100),
(1264, 7, 847, 173),
(1265, 7, 842, 241),
(1266, 7, 811, 271),
(1267, 7, 932, 82),
(1268, 7, 840, 181),
(1269, 7, 867, 255),
(1270, 7, 911, 38),
(1271, 7, 941, 156),
(1272, 7, 885, 100),
(1273, 7, 906, 43),
(1274, 7, 813, 69),
(1275, 7, 832, 59),
(1276, 7, 873, 58),
(1277, 7, 827, 299),
(1278, 7, 839, 197),
(1279, 7, 914, 168),
(1280, 7, 802, 9),
(1281, 7, 924, 95),
(1282, 7, 808, 106),
(1283, 7, 945, 24),
(1284, 7, 839, 227),
(1285, 7, 840, 94),
(1286, 7, 913, 107),
(1287, 7, 894, 176),
(1288, 7, 802, 225),
(1289, 7, 948, 279),
(1290, 7, 943, 239),
(1291, 7, 872, 259),
(1292, 7, 842, 271),
(1293, 7, 903, 11),
(1294, 7, 935, 13),
(1295, 7, 913, 66),
(1296, 7, 888, 183),
(1297, 7, 810, 309),
(1298, 7, 837, 176),
(1299, 7, 888, 9),
(1300, 7, 842, 222),
(1301, 7, 869, 253),
(1302, 7, 858, 226),
(1303, 7, 915, 134),
(1304, 7, 848, 64),
(1305, 7, 889, 13),
(1306, 7, 847, 41),
(1307, 7, 804, 198),
(1308, 7, 936, 196),
(1309, 7, 837, 12),
(1310, 7, 944, 230),
(1311, 7, 904, 243),
(1312, 7, 812, 45),
(1313, 7, 879, 286),
(1314, 7, 820, 87),
(1315, 7, 931, 173),
(1316, 7, 865, 220),
(1317, 7, 868, 273),
(1318, 7, 942, 266),
(1319, 7, 904, 60),
(1320, 7, 881, 58),
(1321, 7, 827, 133),
(1322, 7, 812, 255),
(1323, 7, 928, 151),
(1324, 7, 903, 31),
(1325, 7, 805, 342),
(1326, 7, 841, 89),
(1327, 7, 859, 174),
(1328, 7, 896, 84),
(1329, 7, 801, 120),
(1330, 7, 908, 209),
(1331, 7, 808, 105),
(1332, 7, 871, 57),
(1333, 7, 840, 75),
(1334, 7, 827, 104),
(1335, 7, 915, 6),
(1336, 7, 820, 61),
(1337, 7, 833, 49),
(1338, 7, 894, 21),
(1339, 7, 881, 88),
(1340, 7, 884, 167),
(1341, 7, 831, 279),
(1342, 7, 837, 191),
(1343, 7, 896, 2),
(1344, 7, 825, 126),
(1345, 7, 895, 344),
(1346, 7, 836, 110),
(1347, 7, 908, 68),
(1348, 7, 878, 24),
(1349, 7, 915, 133),
(1350, 7, 921, 179),
(1351, 7, 807, 96),
(1352, 7, 863, 42),
(1353, 7, 807, 73),
(1354, 7, 809, 265),
(1355, 7, 949, 260),
(1356, 7, 940, 13),
(1357, 7, 917, 44),
(1358, 7, 805, 144),
(1359, 7, 907, 208),
(1360, 7, 895, 127),
(1361, 7, 810, 198),
(1362, 7, 908, 183),
(1363, 7, 810, 29),
(1364, 7, 895, 119),
(1365, 7, 881, 55),
(1366, 7, 832, 235),
(1367, 7, 864, 10),
(1368, 7, 880, 252),
(1369, 7, 885, 246),
(1370, 7, 901, 66),
(1371, 7, 926, 78),
(1372, 7, 824, 177),
(1373, 7, 883, 351),
(1374, 7, 824, 157),
(1375, 7, 852, 181),
(1376, 7, 946, 245),
(1377, 7, 931, 72),
(1378, 7, 871, 21),
(1379, 7, 911, 212),
(1380, 7, 818, 52),
(1381, 7, 812, 274),
(1382, 7, 950, 96),
(1383, 7, 940, 36),
(1384, 7, 907, 235),
(1385, 7, 894, 112),
(1386, 7, 949, 18),
(1387, 7, 898, 269),
(1388, 7, 806, 93),
(1389, 7, 802, 369),
(1390, 7, 895, 152),
(1391, 7, 827, 175),
(1392, 7, 839, 230),
(1393, 7, 918, 143),
(1394, 7, 861, 124),
(1395, 7, 866, 39),
(1396, 7, 928, 97),
(1397, 7, 928, 338),
(1398, 7, 916, 98),
(1399, 7, 915, 182),
(1400, 7, 944, 118),
(1401, 7, 837, 330),
(1402, 7, 823, 73),
(1403, 7, 928, 52),
(1404, 7, 843, 180),
(1405, 7, 942, 130),
(1406, 7, 839, 41),
(1407, 7, 834, 245),
(1408, 7, 862, 121),
(1409, 7, 890, 245),
(1410, 7, 904, 130),
(1411, 7, 814, 206),
(1412, 7, 840, 29),
(1413, 7, 912, 190),
(1414, 7, 945, 270),
(1415, 7, 916, 262),
(1416, 7, 851, 38),
(1417, 7, 894, 186),
(1418, 7, 854, 184),
(1419, 7, 899, 65),
(1420, 7, 878, 129),
(1421, 7, 893, 75),
(1422, 7, 806, 27),
(1423, 7, 810, 129),
(1424, 7, 867, 45),
(1425, 7, 847, 344),
(1426, 7, 887, 16),
(1427, 7, 898, 118),
(1428, 7, 814, 34),
(1429, 7, 881, 198),
(1430, 7, 947, 83),
(1431, 7, 807, 61),
(1432, 7, 860, 59),
(1433, 7, 905, 5),
(1434, 7, 854, 220),
(1435, 7, 848, 125),
(1436, 7, 856, 230),
(1437, 7, 835, 264),
(1438, 7, 907, 93),
(1439, 7, 860, 167),
(1440, 7, 811, 253),
(1441, 7, 888, 88),
(1442, 7, 915, 47),
(1443, 7, 805, 168),
(1444, 7, 946, 3),
(1445, 7, 948, 210),
(1446, 7, 879, 230),
(1447, 7, 946, 71),
(1448, 7, 926, 84),
(1449, 7, 889, 62),
(1450, 7, 803, 246),
(1451, 7, 847, 245),
(1452, 7, 849, 1),
(1453, 7, 821, 228),
(1454, 7, 810, 2),
(1455, 7, 859, 215),
(1456, 7, 822, 176),
(1457, 7, 842, 68),
(1458, 7, 881, 74),
(1459, 7, 878, 46),
(1460, 7, 925, 165),
(1461, 7, 873, 136),
(1462, 7, 831, 225),
(1463, 7, 871, 67),
(1464, 7, 851, 202),
(1465, 7, 849, 264),
(1466, 7, 878, 255),
(1467, 7, 885, 135),
(1468, 7, 803, 27),
(1469, 7, 932, 98),
(1470, 7, 918, 105),
(1471, 7, 937, 127),
(1472, 7, 812, 270),
(1473, 7, 892, 34),
(1474, 7, 870, 138),
(1475, 7, 934, 239),
(1476, 7, 858, 249),
(1477, 7, 908, 117),
(1478, 7, 847, 103),
(1479, 7, 885, 105),
(1480, 7, 872, 59),
(1481, 7, 877, 262),
(1482, 7, 873, 1),
(1483, 7, 817, 199),
(1484, 7, 883, 88),
(1485, 7, 815, 305),
(1486, 7, 811, 185),
(1487, 7, 910, 149),
(1488, 7, 911, 240),
(1489, 7, 842, 25),
(1490, 7, 903, 129),
(1491, 7, 809, 158),
(1492, 7, 912, 222),
(1493, 7, 834, 269),
(1494, 7, 809, 111),
(1495, 7, 839, 233),
(1496, 7, 838, 1),
(1497, 7, 940, 66),
(1498, 7, 921, 61),
(1499, 7, 922, 222),
(1500, 7, 928, 156),
(1501, 7, 944, 62),
(1502, 7, 839, 243),
(1503, 7, 825, 78),
(1504, 7, 850, 52),
(1505, 7, 935, 149),
(1506, 7, 920, 91),
(1507, 7, 843, 205),
(1508, 7, 802, 193),
(1509, 7, 894, 310),
(1510, 7, 802, 76),
(1511, 7, 921, 111),
(1512, 7, 844, 155),
(1513, 7, 837, 163),
(1514, 7, 903, 3),
(1515, 7, 946, 75),
(1516, 7, 856, 26),
(1517, 7, 878, 170),
(1518, 7, 928, 50),
(1519, 7, 846, 239),
(1520, 7, 883, 66),
(1521, 7, 902, 48),
(1522, 7, 903, 109),
(1523, 7, 950, 185),
(1524, 7, 844, 65),
(1525, 7, 888, 91),
(1526, 7, 890, 222),
(1527, 7, 897, 62),
(1528, 7, 810, 248),
(1529, 7, 866, 104),
(1530, 7, 904, 17),
(1531, 7, 950, 132),
(1532, 7, 903, 6),
(1533, 7, 817, 136),
(1534, 7, 921, 20),
(1535, 7, 882, 188),
(1536, 7, 853, 243),
(1537, 7, 832, 45),
(1538, 7, 805, 126),
(1539, 7, 930, 229),
(1540, 7, 802, 104),
(1541, 7, 876, 107),
(1542, 7, 822, 61),
(1543, 7, 857, 72),
(1544, 7, 806, 110),
(1545, 7, 906, 84),
(1546, 7, 852, 166),
(1547, 7, 901, 4),
(1548, 7, 859, 40),
(1549, 7, 834, 206),
(1550, 7, 815, 192),
(1551, 7, 928, 121),
(1552, 7, 906, 267),
(1553, 7, 933, 306),
(1554, 7, 875, 146),
(1555, 7, 940, 251),
(1556, 7, 839, 250),
(1557, 7, 862, 369),
(1558, 7, 858, 151),
(1559, 7, 864, 176),
(1560, 7, 801, 269),
(1561, 7, 854, 363),
(1562, 7, 821, 267),
(1563, 7, 865, 156),
(1564, 7, 804, 259),
(1565, 7, 801, 24),
(1566, 7, 826, 137),
(1567, 7, 898, 23),
(1568, 7, 896, 22),
(1569, 7, 856, 85),
(1570, 7, 906, 111),
(1571, 7, 902, 134),
(1572, 7, 947, 53),
(1573, 7, 881, 185),
(1574, 7, 820, 30),
(1575, 7, 929, 264),
(1576, 7, 892, 140),
(1577, 7, 826, 278),
(1578, 7, 843, 77),
(1579, 7, 853, 268),
(1580, 7, 820, 199),
(1581, 7, 841, 26),
(1582, 7, 927, 163),
(1583, 7, 919, 250),
(1584, 7, 864, 16),
(1585, 7, 818, 87),
(1586, 7, 844, 99),
(1587, 7, 832, 164),
(1588, 7, 914, 130),
(1589, 7, 893, 45),
(1590, 7, 898, 166),
(1591, 7, 947, 52),
(1592, 7, 830, 98),
(1593, 7, 920, 112),
(1594, 7, 926, 195),
(1595, 7, 928, 174),
(1596, 7, 855, 38),
(1597, 7, 894, 231),
(1598, 7, 808, 220),
(1599, 7, 899, 125),
(1600, 7, 892, 105),
(1601, 7, 934, 304),
(1602, 7, 804, 271),
(1603, 7, 899, 128),
(1604, 7, 828, 11),
(1605, 7, 854, 71),
(1606, 7, 858, 236),
(1607, 7, 838, 225),
(1608, 7, 815, 67),
(1609, 7, 821, 127),
(1610, 7, 933, 68),
(1611, 7, 943, 19),
(1612, 7, 949, 34),
(1613, 7, 817, 148),
(1614, 7, 818, 229),
(1615, 7, 875, 235),
(1616, 7, 867, 170),
(1617, 7, 937, 27),
(1618, 7, 879, 223),
(1619, 7, 932, 148),
(1620, 7, 809, 228),
(1621, 7, 908, 311),
(1622, 7, 894, 162),
(1623, 7, 878, 31),
(1624, 7, 908, 233),
(1625, 7, 828, 318),
(1626, 7, 815, 72),
(1627, 7, 906, 270),
(1628, 7, 856, 96),
(1629, 7, 948, 357),
(1630, 7, 850, 195),
(1631, 7, 804, 135),
(1632, 7, 845, 190),
(1633, 7, 874, 124),
(1634, 7, 859, 151),
(1635, 7, 907, 137),
(1636, 7, 833, 120),
(1637, 7, 833, 304),
(1638, 7, 921, 113),
(1639, 7, 838, 189),
(1640, 7, 836, 31),
(1641, 7, 892, 289),
(1642, 7, 943, 262),
(1643, 7, 907, 52),
(1644, 7, 930, 130),
(1645, 7, 869, 231),
(1646, 7, 801, 197),
(1647, 7, 831, 118),
(1648, 7, 858, 56),
(1649, 7, 915, 68),
(1650, 7, 826, 126),
(1651, 7, 939, 4),
(1652, 7, 898, 220),
(1653, 7, 815, 194),
(1654, 7, 915, 127),
(1655, 7, 932, 141),
(1656, 7, 826, 93),
(1657, 7, 869, 56),
(1658, 7, 843, 49),
(1659, 7, 848, 264),
(1660, 7, 901, 202),
(1661, 7, 803, 215),
(1662, 7, 816, 154),
(1663, 7, 885, 222),
(1664, 7, 863, 161),
(1665, 7, 912, 161),
(1666, 7, 930, 44),
(1667, 7, 828, 76),
(1668, 7, 930, 166),
(1669, 7, 913, 97),
(1670, 7, 804, 159),
(1671, 7, 896, 214),
(1672, 7, 810, 94),
(1673, 7, 942, 348),
(1674, 7, 807, 30),
(1675, 7, 899, 192),
(1676, 7, 836, 179),
(1677, 7, 892, 285),
(1678, 7, 827, 223),
(1679, 7, 876, 1),
(1680, 7, 895, 258),
(1681, 7, 934, 97),
(1682, 7, 868, 229),
(1683, 7, 901, 103),
(1684, 7, 934, 232),
(1685, 7, 808, 212),
(1686, 7, 821, 10),
(1687, 7, 897, 79),
(1688, 7, 929, 35),
(1689, 7, 826, 231),
(1690, 7, 897, 123),
(1691, 7, 846, 45),
(1692, 7, 812, 9),
(1693, 7, 941, 115),
(1694, 7, 839, 192),
(1695, 7, 934, 77),
(1696, 7, 855, 173),
(1697, 7, 816, 358),
(1698, 7, 915, 167),
(1699, 7, 889, 78),
(1700, 7, 913, 184),
(1701, 7, 946, 9),
(1702, 7, 829, 8),
(1703, 7, 881, 196),
(1704, 7, 835, 152),
(1705, 7, 883, 31),
(1706, 7, 811, 33),
(1707, 7, 876, 136),
(1708, 7, 830, 74),
(1709, 7, 801, 162),
(1710, 7, 844, 225),
(1711, 7, 888, 189),
(1712, 7, 870, 21),
(1713, 7, 918, 260),
(1714, 7, 928, 267),
(1715, 7, 801, 196),
(1716, 7, 928, 102),
(1717, 7, 811, 355),
(1718, 7, 855, 264),
(1719, 7, 863, 86),
(1720, 7, 925, 122),
(1721, 7, 859, 304),
(1722, 7, 809, 27),
(1723, 7, 877, 128),
(1724, 7, 920, 81),
(1725, 7, 868, 143),
(1726, 7, 830, 46),
(1727, 7, 895, 20),
(1728, 7, 818, 89),
(1729, 7, 893, 99),
(1730, 7, 861, 86),
(1731, 7, 906, 230),
(1732, 7, 941, 96),
(1733, 7, 919, 153),
(1734, 7, 872, 212),
(1735, 7, 858, 175),
(1736, 7, 864, 123),
(1737, 7, 851, 142),
(1738, 7, 883, 225),
(1739, 7, 828, 184),
(1740, 7, 871, 165),
(1741, 7, 938, 192),
(1742, 7, 917, 78),
(1743, 7, 916, 36),
(1744, 7, 886, 60),
(1745, 7, 815, 179),
(1746, 7, 901, 127),
(1747, 7, 896, 253),
(1748, 7, 890, 268),
(1749, 7, 807, 57),
(1750, 7, 944, 21),
(1751, 7, 886, 158),
(1752, 7, 802, 268),
(1753, 7, 880, 104),
(1754, 7, 933, 154),
(1755, 7, 804, 119),
(1756, 7, 818, 121),
(1757, 7, 867, 113),
(1758, 7, 933, 104),
(1759, 7, 842, 240),
(1760, 7, 850, 53),
(1761, 7, 846, 365),
(1762, 7, 820, 84),
(1763, 7, 920, 84),
(1764, 7, 843, 183),
(1765, 7, 947, 107),
(1766, 7, 825, 271),
(1767, 7, 873, 165),
(1768, 7, 832, 254),
(1769, 7, 878, 338),
(1770, 7, 923, 51),
(1771, 7, 802, 189),
(1772, 7, 885, 210),
(1773, 7, 844, 59),
(1774, 7, 837, 161),
(1775, 7, 891, 257),
(1776, 7, 924, 152),
(1777, 7, 866, 216),
(1778, 7, 824, 80),
(1779, 7, 828, 100),
(1780, 7, 818, 255),
(1781, 7, 849, 2),
(1782, 7, 901, 189),
(1783, 7, 930, 206),
(1784, 7, 942, 250),
(1785, 7, 820, 111),
(1786, 7, 921, 154),
(1787, 7, 911, 110),
(1788, 7, 829, 186),
(1789, 7, 823, 19),
(1790, 7, 933, 224),
(1791, 7, 914, 5),
(1792, 7, 927, 177),
(1793, 7, 827, 344),
(1794, 7, 928, 26),
(1795, 7, 832, 18),
(1796, 7, 830, 171),
(1797, 7, 921, 85),
(1798, 7, 916, 6),
(1799, 7, 898, 58),
(1800, 7, 875, 173),
(1801, 7, 882, 219),
(1802, 7, 886, 124),
(1803, 7, 813, 191),
(1804, 7, 928, 174),
(1805, 7, 814, 132),
(1806, 7, 808, 207),
(1807, 7, 822, 56),
(1808, 7, 902, 163),
(1809, 7, 837, 208),
(1810, 7, 854, 63),
(1811, 7, 855, 243),
(1812, 7, 863, 64),
(1813, 7, 862, 10),
(1814, 7, 904, 110),
(1815, 7, 880, 179),
(1816, 7, 876, 155),
(1817, 7, 907, 87),
(1818, 7, 812, 23),
(1819, 7, 928, 55),
(1820, 7, 945, 156),
(1821, 7, 841, 368),
(1822, 7, 900, 271),
(1823, 7, 825, 41),
(1824, 7, 884, 206),
(1825, 7, 829, 87),
(1826, 7, 814, 11),
(1827, 7, 804, 51),
(1828, 7, 935, 168),
(1829, 7, 925, 15),
(1830, 7, 829, 199),
(1831, 7, 823, 125),
(1832, 7, 822, 131),
(1833, 7, 919, 131),
(1834, 7, 844, 185),
(1835, 7, 918, 108),
(1836, 7, 865, 209),
(1837, 7, 888, 103),
(1838, 7, 835, 54),
(1839, 7, 824, 99),
(1840, 7, 862, 188),
(1841, 7, 808, 200),
(1842, 7, 819, 6),
(1843, 7, 830, 180),
(1844, 7, 812, 191),
(1845, 7, 909, 66),
(1846, 7, 804, 141),
(1847, 7, 802, 104),
(1848, 7, 864, 102),
(1849, 7, 840, 268),
(1850, 7, 805, 63),
(1851, 7, 886, 122),
(1852, 7, 857, 88),
(1853, 7, 902, 370),
(1854, 7, 805, 127),
(1855, 7, 802, 90),
(1856, 7, 891, 101),
(1857, 7, 911, 349),
(1858, 7, 946, 57),
(1859, 7, 898, 225),
(1860, 7, 945, 33),
(1861, 7, 903, 248),
(1862, 7, 801, 184),
(1863, 7, 933, 233),
(1864, 7, 809, 272),
(1865, 7, 862, 202),
(1866, 7, 809, 128),
(1867, 7, 853, 54),
(1868, 7, 898, 86),
(1869, 7, 870, 40),
(1870, 7, 847, 61),
(1871, 7, 807, 161),
(1872, 7, 828, 272),
(1873, 7, 914, 329),
(1874, 7, 820, 270),
(1875, 7, 899, 232),
(1876, 7, 898, 86),
(1877, 7, 833, 322),
(1878, 7, 891, 97),
(1879, 7, 871, 86),
(1880, 7, 838, 269),
(1881, 7, 873, 122),
(1882, 7, 947, 215),
(1883, 7, 888, 248),
(1884, 7, 892, 166),
(1885, 7, 949, 296),
(1886, 7, 948, 177),
(1887, 7, 842, 218),
(1888, 7, 893, 253),
(1889, 7, 911, 211),
(1890, 7, 880, 91),
(1891, 7, 882, 25),
(1892, 7, 926, 113),
(1893, 7, 898, 269),
(1894, 7, 819, 46),
(1895, 7, 812, 222),
(1896, 7, 847, 97),
(1897, 7, 858, 313),
(1898, 7, 811, 147),
(1899, 7, 900, 106),
(1900, 7, 891, 258),
(1901, 7, 947, 121),
(1902, 7, 820, 253),
(1903, 7, 944, 186),
(1904, 7, 873, 18),
(1905, 7, 914, 58),
(1906, 7, 950, 266),
(1907, 7, 880, 221),
(1908, 7, 895, 207),
(1909, 7, 929, 10),
(1910, 7, 914, 196),
(1911, 7, 899, 22),
(1912, 7, 911, 28),
(1913, 7, 936, 266),
(1914, 7, 902, 64),
(1915, 7, 922, 220),
(1916, 7, 883, 108),
(1917, 7, 882, 145),
(1918, 7, 862, 228),
(1919, 7, 891, 129),
(1920, 7, 944, 18),
(1921, 7, 807, 213),
(1922, 7, 867, 154),
(1923, 7, 807, 52),
(1924, 7, 827, 225),
(1925, 7, 821, 9),
(1926, 7, 915, 223),
(1927, 7, 833, 167),
(1928, 7, 908, 64),
(1929, 7, 904, 108),
(1930, 7, 873, 8),
(1931, 7, 832, 195),
(1932, 7, 874, 117),
(1933, 7, 861, 142),
(1934, 7, 821, 77),
(1935, 7, 829, 154),
(1936, 7, 932, 131),
(1937, 7, 941, 21),
(1938, 7, 823, 188),
(1939, 7, 930, 250),
(1940, 7, 935, 199),
(1941, 7, 919, 323),
(1942, 7, 894, 204),
(1943, 7, 925, 188),
(1944, 7, 890, 139),
(1945, 7, 880, 106),
(1946, 7, 852, 83),
(1947, 7, 931, 198),
(1948, 7, 874, 158),
(1949, 7, 825, 312),
(1950, 7, 816, 104),
(1951, 7, 880, 132),
(1952, 7, 905, 10),
(1953, 7, 921, 261),
(1954, 7, 872, 139),
(1955, 7, 853, 223),
(1956, 7, 925, 112),
(1957, 7, 816, 122),
(1958, 7, 878, 241),
(1959, 7, 897, 112),
(1960, 7, 892, 145),
(1961, 7, 915, 248),
(1962, 7, 846, 166),
(1963, 7, 823, 199),
(1964, 7, 817, 172),
(1965, 7, 877, 203),
(1966, 7, 850, 180),
(1967, 7, 883, 134),
(1968, 7, 807, 116),
(1969, 7, 828, 83),
(1970, 7, 804, 159),
(1971, 7, 849, 96),
(1972, 7, 804, 4),
(1973, 7, 865, 7),
(1974, 7, 927, 203),
(1975, 7, 836, 127),
(1976, 7, 802, 15),
(1977, 7, 878, 98),
(1978, 7, 811, 12),
(1979, 7, 821, 150),
(1980, 7, 843, 26),
(1981, 7, 932, 290),
(1982, 7, 825, 16),
(1983, 7, 946, 123),
(1984, 7, 833, 36),
(1985, 7, 925, 370),
(1986, 7, 853, 210),
(1987, 7, 945, 118),
(1988, 7, 848, 65),
(1989, 7, 926, 343),
(1990, 7, 835, 187),
(1991, 7, 917, 92),
(1992, 7, 947, 238),
(1993, 7, 942, 36),
(1994, 7, 881, 262),
(1995, 7, 883, 141),
(1996, 7, 899, 236),
(1997, 7, 909, 320),
(1998, 7, 809, 117),
(1999, 7, 829, 88),
(2000, 7, 916, 109),
(2001, 7, 910, 371),
(2002, 7, 855, 372),
(2003, 7, 880, 1),
(2004, 7, 870, 1),
(2005, 7, 890, 1),
(2006, 7, 840, 1),
(2007, 7, 860, 1),
(2008, 7, 866, 1),
(2009, 7, 877, 1);

-- --------------------------------------------------------

--
-- Stand-in structure for view `brestant`
--
CREATE TABLE IF NOT EXISTS `brestant` (
`projectionID` int(6)
,`NdrBillet` bigint(21)
);
-- --------------------------------------------------------

--
-- Table structure for table `cinema`
--

CREATE TABLE IF NOT EXISTS `cinema` (
  `cinemaID` varchar(60) NOT NULL,
  `ville` varchar(60) NOT NULL,
  `adresse` varchar(60) NOT NULL,
  PRIMARY KEY (`cinemaID`)
) ENGINE=InnoDB DEFAULT CHARSET=latin1;

--
-- Dumping data for table `cinema`
--

INSERT INTO `cinema` (`cinemaID`, `ville`, `adresse`) VALUES
('Archipel', 'Paris', '17 bd de Strasbourg'),
('Beaugrenelle', 'Paris', '7 Rue Linois'),
('Bretagne', 'Paris', 'bd du Montparnasse'),
('C2L', 'Saint-Germain-en-Laye', '25 rue du Vieux-Marche'),
('Cine7', 'Élancourt', 'centre commercial des Sept-Mares'),
('Cyrano', 'Versailles', '7 Rue Rameau'),
('Défense', 'Puteaux', 'Parvis de la défense'),
('Du-Theatre', 'Celle-Saint-Cloud', 'av Charles-de-Gaulle'),
('Fontenay-le-Fleury', 'Fontenay-le-Fleury', 'place du 8-Mai-1945'),
('Frederic-dard', 'Mureaux', '77 rue Paul Doumer'),
('Gaumont', 'Boulogne', '26 Rue le Corbusier'),
('Grange', 'Bois-Arcy', 'Rue du Parc'),
('Halles', 'Paris', '101 Rue Berger'),
('Jean-marais', 'Vésinet', '59 bd Carnot'),
('Mantes-la-Jolie', 'Mantes-la-Jolie', 'Place Henri Dunant '),
('Montauban', 'Paris', '21 bd Gustave-Garrisson'),
('Montparnasse', 'Paris', '83 Boulevard du Montparnasse'),
('Parly2', 'Chesnay', '2 avenue Charles de Gaulle'),
('Poissy', 'Poissy', 'place de la République'),
('Velizy', 'Velizy', '2 avenue De Europe');

-- --------------------------------------------------------

--
-- Table structure for table `client`
--

CREATE TABLE IF NOT EXISTS `client` (
  `clientID` int(6) NOT NULL AUTO_INCREMENT,
  `nom` varchar(60) NOT NULL,
  `prenom` varchar(60) NOT NULL,
  `age` int(6) NOT NULL,
  `sexe` varchar(60) NOT NULL,
  PRIMARY KEY (`clientID`)
) ENGINE=InnoDB  DEFAULT CHARSET=latin1 AUTO_INCREMENT=964 ;

--
-- Dumping data for table `client`
--

INSERT INTO `client` (`clientID`, `nom`, `prenom`, `age`, `sexe`) VALUES
(801, 'Goncalves', 'Kai', 48, 'homme'),
(802, 'Peacock', 'Reece', 38, 'homme'),
(803, 'Blazevic', 'Zdenko', 47, 'homme'),
(804, 'Araujo', 'Enzo', 27, 'homme'),
(805, 'Connolly', 'Muhammad', 51, 'homme'),
(806, 'Barbosa', 'Carlos', 75, 'homme'),
(807, 'Ceh', 'Jelka', 47, 'femme'),
(808, 'Jardine', 'Lundy', 27, 'femme'),
(809, 'Peele', 'Ivan', 43, 'homme'),
(810, 'Rukavina', 'Drazen', 61, 'homme'),
(811, 'Pierce', 'Roosevelt', 33, 'homme'),
(812, 'Hanson', 'Harrison', 70, 'homme'),
(813, 'Davidson', 'Liam', 56, 'homme'),
(814, 'Fernandes', 'Arthur', 56, 'homme'),
(815, 'Hawkins', 'Bethany', 63, 'femme'),
(816, 'Croquetaigne', 'Lowell', 34, 'homme'),
(817, 'Newsome', 'Autumn', 38, 'femme'),
(818, 'Duffet', 'Millicent', 54, 'femme'),
(819, 'Marinovic', 'Zvonka', 22, 'femme'),
(820, 'Blake', 'Kyle', 53, 'homme'),
(821, 'Lebrun', 'Trinette', 50, 'femme'),
(822, 'Pitts', 'Michael', 26, 'homme'),
(823, 'Barrientos', 'Mildred', 54, 'femme'),
(824, 'Steele', 'Kyle', 51, 'homme'),
(825, 'Silva', 'Gustavo', 34, 'homme'),
(826, 'Araujo', 'Clara', 30, 'femme'),
(827, 'Lima', 'Sofia', 54, 'femme'),
(828, 'Woodward', 'Amber', 50, 'femme'),
(829, 'Gilmore', 'Ann', 24, 'femme'),
(830, 'Daniels', 'Carolyn', 32, 'femme'),
(831, 'Cross', 'Matthew', 26, 'homme'),
(832, 'Page', 'Grace', 71, 'femme'),
(833, 'Montgomery', 'John', 69, 'homme'),
(834, 'Jackson', 'Kian', 46, 'homme'),
(835, 'Countess', 'Catherine', 60, 'femme'),
(836, 'Novakovic', 'Emil', 60, 'homme'),
(837, 'Kupresak', 'Mirela', 45, 'femme'),
(838, 'Ribeiro', 'Beatriz', 29, 'femme'),
(839, 'Babin', 'Warrane', 77, 'homme'),
(840, 'Kent', 'Abigail', 36, 'femme'),
(841, 'Steele', 'Lucy', 33, 'femme'),
(842, 'Coles', 'Mark', 35, 'homme'),
(843, 'Sullivan', 'Michael', 55, 'homme'),
(844, 'Reid', 'Matilda', 61, 'femme'),
(845, 'Lane', 'Jay', 29, 'homme'),
(846, 'Coates', 'Harry', 40, 'homme'),
(847, 'Hewitt', 'Daisy', 72, 'femme'),
(848, 'Almeida', 'Sofia', 77, 'femme'),
(849, 'Johnson', 'Arthur', 24, 'homme'),
(850, 'Rocha', 'Sofia', 59, 'femme'),
(851, 'Parrish', 'Kristine', 38, 'femme'),
(852, 'Kovac', 'Gabrijel', 74, 'homme'),
(853, 'Dobbs', 'Cristine', 54, 'femme'),
(854, 'Souza', 'Felipe', 56, 'homme'),
(855, 'Vachon', 'Merci', 66, 'femme'),
(856, 'Gomes', 'Sophia', 47, 'femme'),
(857, 'Jarvis', 'Joseph', 51, 'homme'),
(858, 'Duprey', 'Robert', 32, 'homme'),
(859, 'Lear', 'Debra', 50, 'femme'),
(860, 'Laforge', 'Aubert', 74, 'homme'),
(861, 'Silva', 'Livia', 54, 'femme'),
(862, 'Howarth', 'Sarah', 39, 'femme'),
(863, 'Klaric', 'Juraj', 61, 'homme'),
(864, 'Miller', 'Michael', 25, 'homme'),
(865, 'Jurisic', 'Braslav', 28, 'homme'),
(866, 'Lima', 'Julia', 39, 'femme'),
(867, 'Deschenes', 'Fleur', 68, 'femme'),
(868, 'Almeida', 'Alice', 75, 'femme'),
(869, 'Thompson', 'Aidan', 52, 'homme'),
(870, 'Howard', 'Luke', 62, 'homme'),
(871, 'Michaud', 'Geoffrey', 29, 'homme'),
(872, 'Hovis', 'Timothy', 32, 'homme'),
(873, 'Ferland', 'Alexandre', 71, 'homme'),
(874, 'Kent', 'Lara', 63, 'femme'),
(875, 'Barisic', 'Pavo', 76, 'homme'),
(876, 'Miller', 'Michael', 71, 'homme'),
(877, 'Stipanov', 'Marijan', 26, 'homme'),
(878, 'Bordeleau', 'Voleta', 55, 'femme'),
(879, 'Perez', 'Lewis', 51, 'homme'),
(880, 'Cavalcanti', 'Kaua', 23, 'homme'),
(881, 'Brajkovic', 'Dragoslav', 42, 'homme'),
(882, 'Kovacic', 'Oliver', 65, 'homme'),
(883, 'Brent', 'Judy', 47, 'femme'),
(884, 'Barjavel', 'Anne', 76, 'femme'),
(885, 'Azevedo', 'Matilde', 47, 'femme'),
(886, 'McCabe', 'Holly', 61, 'femme'),
(887, 'Busque', 'Fitz', 70, 'homme'),
(888, 'Terry', 'Joshua', 58, 'homme'),
(889, 'Jovanovic', 'Blaga', 32, 'femme'),
(890, 'Lapierre', 'Eugenia', 67, 'femme'),
(891, 'Perry', 'Randall', 23, 'homme'),
(892, 'Ribeiro', 'Marcos', 60, 'homme'),
(893, 'Chaloux', 'Charmaine', 49, 'femme'),
(894, 'Barbosa', 'Nicolash', 53, 'homme'),
(895, 'Roux', 'Bruno', 62, 'homme'),
(896, 'Goudreau', 'Brier', 37, 'femme'),
(897, 'Chauvet', 'Yves', 58, 'homme'),
(898, 'Alves', 'Felipe', 57, 'homme'),
(899, 'Marusic', 'Gabriel', 47, 'homme'),
(900, 'Fernandes', 'Gustavo', 54, 'homme'),
(901, 'Nixon', 'Shannon', 71, 'femme'),
(902, 'Ahmed', 'Ben', 70, 'homme'),
(903, 'Goguen', 'Babette', 58, 'femme'),
(904, 'Howells', 'Freddie', 70, 'homme'),
(905, 'Gray', 'Jennifer', 76, 'femme'),
(906, 'Posavec', 'Irena', 37, 'femme'),
(907, 'Souza', 'Samuel', 73, 'homme'),
(908, 'Roussel', 'Helene', 68, 'femme'),
(909, 'Chalut', 'Somer', 55, 'homme'),
(910, 'Stokes', 'Abby', 71, 'femme'),
(911, 'Smith', 'Noah', 45, 'homme'),
(912, 'Potts', 'Louie', 44, 'homme'),
(913, 'Araujo', 'Vinicius', 21, 'homme'),
(914, 'Pitre', 'Monique', 57, 'femme'),
(915, 'Herceg', 'Bosko', 32, 'homme'),
(916, 'Riley', 'Alisha', 77, 'femme'),
(917, 'Connolly', 'Paige', 59, 'femme'),
(918, 'Melo', 'Breno', 43, 'homme'),
(919, 'Skates', 'Roger', 57, 'homme'),
(920, 'Filer', 'David', 72, 'homme'),
(921, 'Sarrazin', 'Solaine', 71, 'femme'),
(922, 'Benson', 'Victoria', 49, 'femme'),
(923, 'Grubisic', 'Milan', 53, 'homme'),
(924, 'Dotson', 'David', 68, 'homme'),
(925, 'Davies', 'Morgan', 47, 'femme'),
(926, 'Thorn', 'Maria', 25, 'femme'),
(927, 'Daniels', 'Leo', 74, 'homme'),
(928, 'Obad', 'Vera', 53, 'femme'),
(929, 'Senn', 'Ralph', 66, 'homme'),
(930, 'Dooley', 'Joseph', 34, 'homme'),
(931, 'Tkalcic', 'Mirela', 38, 'femme'),
(932, 'Gill', 'Demi', 49, 'femme'),
(933, 'Potter', 'Billy', 74, 'homme'),
(934, 'Ceh', 'Dragan', 44, 'homme'),
(935, 'Debeljak', 'Leonardo', 58, 'homme'),
(936, 'Hétu', 'Bruce', 37, 'homme'),
(937, 'Sousa', 'Julia', 40, 'femme'),
(938, 'Peele', 'Rodney', 38, 'homme'),
(939, 'Castro', 'Thais', 27, 'femme'),
(940, 'Rodrigues', 'Julian', 37, 'homme'),
(941, 'Hewitt', 'Alexander', 67, 'homme'),
(942, 'Robinson', 'Logan', 53, 'homme'),
(943, 'Allen', 'Daniel', 51, 'homme'),
(944, 'Dupont', 'Odo', 50, 'homme'),
(945, 'Carter', 'Billy', 51, 'homme'),
(946, 'Ilic', 'Danica', 56, 'femme'),
(947, 'Gomes', 'Luiza', 56, 'femme'),
(948, 'Topic', 'Krsevan', 19, 'homme'),
(949, 'Cunha', 'Thiago', 45, 'homme'),
(950, 'Parker', 'Petter', 69, 'femme');

-- --------------------------------------------------------

--
-- Table structure for table `employe`
--

CREATE TABLE IF NOT EXISTS `employe` (
  `employeID` int(6) NOT NULL,
  `nom` varchar(60) NOT NULL,
  `prenom` varchar(60) NOT NULL,
  `age` int(6) NOT NULL,
  `sexe` varchar(60) NOT NULL,
  `cinemaID` varchar(60) NOT NULL,
  PRIMARY KEY (`employeID`),
  KEY `cinemaID` (`cinemaID`)
) ENGINE=InnoDB DEFAULT CHARSET=latin1;

--
-- Dumping data for table `employe`
--

INSERT INTO `employe` (`employeID`, `nom`, `prenom`, `age`, `sexe`, `cinemaID`) VALUES
(951, 'Pinto', 'Danilo', 45, 'homme', 'Cyrano'),
(952, 'Harris', 'Peter', 30, 'homme', 'Cyrano'),
(953, 'LeBatelier', 'Gay', 60, 'femme', 'Cyrano'),
(954, 'Parkin', 'Aaron', 29, 'homme', 'Cyrano'),
(955, 'Gpant', 'Aaron', 39, 'homme', 'Cyrano'),
(956, 'Parkin', 'Morgan', 41, 'homme', 'Cyrano'),
(957, 'Kovacic', 'Ranka', 51, 'femme', 'Cyrano'),
(958, 'Walker', 'Harriet', 71, 'femme', 'Cyrano'),
(959, 'Mathias', 'Kenneth', 63, 'homme', 'Cyrano'),
(960, 'Allsup', 'Lucia', 28, 'femme', 'Cyrano'),
(961, 'Oliveira', 'Kaua', 57, 'homme', 'Cyrano'),
(962, 'Friley', 'Robert', 66, 'homme', 'Cyrano'),
(963, 'Williams', 'Buddy', 63, 'homme', 'Cyrano'),
(964, 'Fernandes', 'Mateus', 64, 'homme', 'Cyrano'),
(965, 'Lagueux', 'Yvette', 53, 'femme', 'Cyrano'),
(966, 'Rukavina', 'Juraj', 69, 'homme', 'Cyrano'),
(967, 'Durand', 'Victor', 43, 'homme', 'Cyrano'),
(968, 'Horvath', 'John', 23, 'homme', 'Cyrano'),
(969, 'Burton', 'Hollie', 69, 'femme', 'Cyrano'),
(970, 'Castro', 'Isabela', 41, 'femme', 'Montauban'),
(971, 'Marshall', 'Douglas', 77, 'homme', 'Cyrano'),
(972, 'Blazevic', 'Sabina', 50, 'femme', 'Cyrano'),
(973, 'Charrette', 'Emmeline', 39, 'femme', 'Cyrano'),
(974, 'Pettis', 'Gilbert', 32, 'homme', 'Cyrano'),
(975, 'Harrison', 'Nathan', 52, 'homme', 'Cyrano'),
(976, 'Zehr', 'Oscar', 22, 'homme', 'Cyrano'),
(977, 'Petrie', 'Paul', 34, 'homme', 'Cyrano'),
(978, 'Cardoso', 'Marisa', 48, 'femme', 'Grange'),
(979, 'Lovric', 'Patricija', 29, 'femme', 'Défense'),
(980, 'Cameron', 'Louis', 49, 'homme', 'Défense'),
(981, 'Joly', 'Karlotta', 29, 'femme', 'Défense'),
(982, 'Sousa', 'Isabela', 23, 'femme', 'Défense'),
(983, 'Oneill', 'Rosie', 55, 'femme', 'Défense'),
(984, 'Lima', 'Fabio', 33, 'homme', 'Défense'),
(985, 'Garnier', 'Jay', 49, 'homme', 'Défense'),
(986, 'Manning', 'Joseph', 61, 'homme', 'Défense'),
(987, 'Utter', 'Randall', 31, 'homme', 'Défense'),
(988, 'Stevens', 'Albert', 68, 'homme', 'Défense'),
(989, 'Costa', 'Sofia', 50, 'femme', 'Défense'),
(990, 'Baca', 'Ralph', 69, 'homme', 'Défense'),
(991, 'Boutot', 'Marthe', 49, 'femme', 'Défense'),
(992, 'Parkerson', 'Diann', 75, 'femme', 'Défense'),
(993, 'Cliche', 'Charles', 51, 'homme', 'Défense'),
(994, 'Stipanov', 'Drziha', 32, 'homme', 'Défense'),
(995, 'Medina', 'Ana', 36, 'femme', 'Défense'),
(996, 'Pelletier', 'Royden', 48, 'homme', 'Archipel'),
(997, 'Pinto', 'Amanda', 35, 'femme', 'Défense'),
(998, 'Rocha', 'Livia', 35, 'femme', 'Velizy'),
(999, 'Kovacevic', 'Anita', 50, 'femme', 'Défense'),
(1000, 'Francis', 'Lucy', 56, 'femme', 'Défense'),
(1001, 'Sarrazin', 'Carole', 24, 'femme', 'Défense'),
(1002, 'Lapierre', 'Fealty', 34, 'femme', 'Défense'),
(1003, 'Santos', 'Luiz', 47, 'homme', 'Défense'),
(1004, 'Ferreira', 'Brenda', 48, 'femme', 'Défense'),
(1005, 'Carter', 'Harold', 70, 'homme', 'Défense'),
(1006, 'Lewis', 'Roger', 28, 'homme', 'Défense'),
(1007, 'Anic', 'Sandro', 21, 'homme', 'Poissy'),
(1008, 'Juric', 'Mateo', 67, 'homme', 'Poissy'),
(1009, 'Metheny', 'Kristopher', 58, 'homme', 'Halles'),
(1010, 'Knezevic', 'Domagoj', 53, 'homme', 'Halles'),
(1011, 'Costa', 'Mariana', 37, 'femme', 'Halles'),
(1012, 'Jukic', 'Jasna', 67, 'femme', 'Halles'),
(1013, 'Mazuret', 'Gauthier', 39, 'homme', 'Halles'),
(1014, 'Horvatincic', 'Antonela', 37, 'femme', 'Halles'),
(1015, 'Santos', 'Andre', 33, 'homme', 'Gaumont'),
(1016, 'Harrison', 'Alicia', 53, 'femme', 'Gaumont'),
(1017, 'Pranjic', 'Tena', 40, 'femme', 'Gaumont'),
(1018, 'White', 'Hilda', 39, 'femme', 'Gaumont'),
(1019, 'Mack', 'Mike', 58, 'homme', 'Mantes-la-Jolie'),
(1020, 'Alves', 'Ana', 71, 'femme', 'Gaumont'),
(1021, 'Brown', 'Dora', 57, 'femme', 'Gaumont'),
(1022, 'Jerkovic', 'Vojmil', 64, 'homme', 'Gaumont'),
(1023, 'Klobucar', 'Marijan', 19, 'homme', 'Gaumont'),
(1024, 'David', 'John', 73, 'homme', 'Gaumont'),
(1025, 'Geier', 'Theda', 68, 'femme', 'Gaumont'),
(1026, 'Lowder', 'Thomas', 52, 'homme', 'Beaugrenelle'),
(1027, 'Dupont', 'Royden', 55, 'homme', 'Beaugrenelle'),
(1028, 'Gareau', 'Guillaume', 70, 'homme', 'Beaugrenelle'),
(1029, 'Melo', 'Luan', 60, 'homme', 'Beaugrenelle'),
(1030, 'Smith', 'James', 44, 'homme', 'Jean-marais'),
(1031, 'McDougal', 'Jesus', 73, 'homme', 'Poissy'),
(1032, 'Sepulveda', 'Donald', 60, 'homme', 'Poissy'),
(1033, 'Hrvatin', 'Sandro', 75, 'homme', 'Poissy'),
(1034, 'Silva', 'Lara', 55, 'femme', 'Poissy'),
(1035, 'Metcalfe', 'Abbie', 77, 'homme', 'Poissy'),
(1036, 'Pake', 'Pete', 29, 'homme', 'Poissy'),
(1037, 'Ma', 'Jae', 66, 'femme', 'Poissy'),
(1038, 'Mae', 'Je', 16, 'femme', 'Poissy'),
(1039, 'Sepulvedap', 'Donalpd', 60, 'homme', 'Poissy'),
(1040, 'Hrvatinp', 'Spandro', 75, 'homme', 'Poissy'),
(1041, 'Silvap', 'Larpa', 55, 'femme', 'Poissy'),
(1042, 'Metcalfep', 'Apbbie', 77, 'homme', 'Poissy'),
(1043, 'Pakep', 'Pepte', 29, 'homme', 'Poissy'),
(1044, 'Mattttp', 'Jprae', 66, 'femme', 'Poissy'),
(1045, 'Mattttttt', 'Jerp', 16, 'femme', 'Poissy'),
(1046, 'Hrveatinp', 'Spanrdro', 75, 'homme', 'Poissy'),
(1047, 'Sielvap', 'Larrpa', 55, 'femme', 'Poissy'),
(1048, 'Metecalfep', 'Aapbbie', 77, 'homme', 'Poissy'),
(1049, 'Paekep', 'Peprte', 29, 'homme', 'Poissy'),
(1050, 'Matetttp', 'Jprae', 66, 'femme', 'Poissy');

-- --------------------------------------------------------

--
-- Table structure for table `film`
--

CREATE TABLE IF NOT EXISTS `film` (
  `filmID` varchar(60) NOT NULL,
  `nom` varchar(60) NOT NULL,
  `genre` varchar(60) NOT NULL,
  `director` varchar(60) NOT NULL,
  `langue` varchar(60) NOT NULL,
  `annee` int(6) NOT NULL,
  `duree` int(6) NOT NULL,
  PRIMARY KEY (`filmID`)
) ENGINE=InnoDB DEFAULT CHARSET=latin1;

--
-- Dumping data for table `film`
--

INSERT INTO `film` (`filmID`, `nom`, `genre`, `director`, `langue`, `annee`, `duree`) VALUES
('501', 'Fast & Furious 8', 'Action', 'F.Gary Gary', 'Anglais', 2017, 136),
('502', 'Avengers Endgame', 'Action', 'Russo Brothers', 'Anglais', 2019, 181),
('503', 'Joker', 'Horreur', 'Todd Phillips', 'Anglais', 2019, 122),
('504', 'Harry Potter 1', 'Fantastique', 'Chris Columbus', 'Anglais', 2001, 152),
('505', 'Forrest Gump', 'Action', 'Robert Zemeckis', 'Anglais', 1996, 160),
('506', 'La Ligne verte', 'Action', 'Frank Darabont', 'Anglais', 2009, 179),
('507', 'Your Name', 'Action', 'Makoto Shinkai', 'Anglais', 2017, 195),
('508', 'Green Book', 'Action', 'Peter Farrelly', 'Anglais', 2013, 139),
('509', 'La Liste de Schindler', 'Action', 'Steven Spielberg', 'Anglais', 1998, 164),
('510', 'Le Parrain', 'Action', 'Francis Ford Coppola', 'Anglais', 1995, 177),
('511', 'Le Seigneur des anneaux 1', 'Action', 'Peter Jackson', 'Anglais', 2010, 195),
('512', 'The Dark Knight', 'Action', 'Christopher Nolan', 'Anglais', 2001, 148),
('513', 'Gran Torino', 'Action', 'Clint Eastwood', 'Anglais', 2017, 182),
('514', 'Django Unchained', 'Action', 'Quentin Tarantino', 'Anglais', 2015, 177),
('515', 'Pulp Fiction', 'Action', 'Quentin Tarantino', 'Anglais', 2005, 186),
('516', 'Fight Club', 'Action', 'David Fincher', 'Anglais', 2002, 126),
('517', 'Gladiator', 'Action', 'Ridley Scott', 'Anglais', 2016, 197),
('518', 'Le Bon, la brute et le truand', 'Action', 'Sergio Leone', 'Anglais', 1992, 126),
('519', 'Seven', 'Action', 'David Fincher', 'Anglais', 2004, 163),
('520', 'Reservoir Dogs', 'Action', 'Quentin Tarantino', 'Anglais', 2001, 161),
('521', 'Warrior', 'Action', 'Gavin O Connor', 'Anglais', 2005, 143),
('522', 'Shutter Island', 'Action', 'Martin Scorsese', 'Anglais', 1992, 179),
('523', 'Ready Player One', 'Action', 'Steven Spielberg', 'Anglais', 1994, 124),
('524', 'Fenêtre sur cour', 'Action', 'Alfred Hitchcock', 'Anglais', 2010, 123),
('525', 'Scarface', 'Action', 'Brian De Palma', 'Anglais', 2009, 191),
('526', 'X-Men', 'Action', 'Matthew Vaughn', 'Anglais', 2008, 154),
('527', 'Des hommes sans loi', 'Action', 'John Hillcoat', 'Anglais', 2018, 138),
('528', 'Deadpool', 'Action', 'Tim Miller', 'Anglais', 2000, 164),
('529', 'Léon', 'Action', 'Luc Besson', 'Anglais', 2003, 141),
('530', 'Coco', 'Fantastique', 'Adrian Molina', 'Anglais', 2007, 146),
('531', 'Bohemian Rhapsody', 'Fantastique', 'Bryan Singer', 'Anglais', 1990, 158),
('532', 'Le Roi Lion', 'Fantastique', 'Roger Allers', 'Anglais', 2016, 143),
('533', 'Lion', 'Fantastique', 'Garth Davis', 'Anglais', 2014, 164),
('534', 'Inception', 'Fantastique', 'Christopher Nolan', 'Anglais', 2002, 144),
('535', 'Wall-E', 'Fantastique', 'Andrew Stanton', 'Anglais', 2005, 185),
('536', 'Titanic', 'Fantastique', 'James Cameron', 'Anglais', 2003, 132),
('537', 'Les Indestructibles', 'Fantastique', 'Brad Bird', 'Anglais', 1994, 137),
('538', 'Avatar', 'Fantastique', 'James Cameron', 'Anglais', 1999, 120),
('539', 'Alien', 'Fantastique', 'Ridley Scott', 'Anglais', 2001, 171),
('540', 'Matrix', 'Fantastique', 'Lana Wachowski', 'Anglais', 2020, 145),
('541', 'Indiana Jones', 'Fantastique', 'Steven Spielberg', 'Anglais', 1997, 175),
('542', 'Dragons', 'Fantastique', 'Donald Reignoux', 'Anglais', 1999, 178),
('543', 'Zootopie', 'Fantastique', 'Jared Bush', 'Anglais', 2013, 163),
('544', 'The Greatest Showman', 'Fantastique', 'Michael Gracey', 'Anglais', 1999, 177),
('545', 'Toy Story', 'Fantastique', 'Lee Unkrich', 'Anglais', 2001, 154),
('546', 'Spider-Man', 'Fantastique', 'Jon Watts', 'Anglais', 2002, 139),
('547', 'Retour vers le futur', 'Fantastique', 'Robert Zemeckis', 'Anglais', 2000, 191),
('548', 'Star Wars', 'Fantastique', 'Irvin Kershner', 'Anglais', 2002, 160),
('549', 'Interstellar', 'Fantastique', 'Christopher Nolan', 'Anglais', 2004, 174),
('550', 'Les Evadés', 'Comedie', 'Frank Darabont', 'Anglais', 1998, 197),
('551', 'Parasite', 'Comedie', 'Joon-ho Bong', 'Anglais', 2005, 136),
('552', 'Whiplash', 'Comedie', 'Damien Chazelle', 'Anglais', 1995, 177),
('553', 'Les Affranchis', 'Comedie', 'Martin Scorsese', 'Anglais', 2000, 185),
('554', 'Mommy', 'Comedie', 'Xavier Dolan', 'Anglais', 2008, 172),
('555', 'Usual Suspects', 'Comedie', 'Bryan Singer', 'Anglais', 1996, 161),
('556', 'Intouchables', 'Comedie', 'Eric Toledano', 'Anglais', 1991, 135),
('557', 'Au Revoir Là-haut', 'Comedie', 'Albert Dupontel', 'Anglais', 2013, 157),
('558', 'Le Dictateur', 'Comedie', 'Charles Chaplin', 'Anglais', 2014, 165),
('559', 'La Vie est belle', 'Comedie', 'Roberto Benigni', 'Anglais', 2000, 185),
('560', 'Les Temps modernes', 'Comedie', 'Charles Chaplin', 'Anglais', 1992, 185),
('561', 'Les Figures de l ombre', 'Comedie', 'Theodore Melfi', 'Anglais', 2000, 194),
('562', 'Rush', 'Comedie', 'Ron Howard', 'Anglais', 2008, 158),
('563', 'Les Lumières de la ville', 'Comedie', 'Charles Chaplin', 'Anglais', 2011, 158),
('564', 'La La Land', 'Comedie', 'Damien Chazelle', 'Anglais', 2013, 149),
('565', 'Aladdin', 'Comedie', 'John Musker', 'Anglais', 2011, 120),
('566', 'Monsters Inc', 'Comedie', 'Pete Docter', 'Anglais', 1999, 123),
('567', 'Shrek', 'Comedie', 'Andrew Adamson', 'Anglais', 2020, 177),
('568', 'Arnaque', 'Comedie', 'George Roy Hill', 'Anglais', 2013, 167),
('569', 'Moi, moche et méchant', 'Comedie', 'Chris Renaud', 'Anglais', 2001, 151),
('570', 'Les Gardiens de la Galaxie', 'Comedie', 'James Gunn', 'Anglais', 2013, 169),
('571', 'Les Mondes de Ralph', 'Comedie', 'Rich Moore', 'Anglais', 2009, 152),
('572', 'The Blues Brothers', 'Comedie', 'John Landis', 'Anglais', 1999, 176),
('573', 'The Hangover', 'Comedie', 'Todd Phillips', 'Anglais', 1993, 196),
('574', 'Very Bad Trip', 'Comedie', 'Todd Phillips', 'Anglais', 2003, 126),
('575', 'Les Aventuriers de l Arche perdue', 'Comedie', 'Steven Spielberg', 'Anglais', 2014, 171),
('576', '12 Years a Slave', 'Comedie', 'Steve McQueen', 'Anglais', 2007, 134),
('577', 'Captain Fantastic', 'Comedie', 'Matt Ross', 'Anglais', 2000, 160),
('578', 'Nous trois ou rien', 'Comedie', 'Kheiron', 'Anglais', 2001, 159),
('579', 'Edward aux mains d argent', 'Comedie', 'Tim Burton', 'Anglais', 2010, 187),
('580', 'Wonder', 'Comedie', 'Stephen Chbosky', 'Anglais', 2012, 174),
('581', 'Le Discours d un roi', 'Horreur', 'Tom Hooper', 'Anglais', 1992, 157),
('582', 'The Dark Knight Rises', 'Horreur', 'Christopher Nolan', 'Anglais', 1991, 125),
('583', 'Il faut sauver le soldat Ryan', 'Horreur', 'Steven Spielberg', 'Anglais', 1993, 154),
('584', 'Full Metal Jacket', 'Horreur', 'Stanley Kubrick', 'Anglais', 1993, 175),
('585', 'Le Pianiste', 'Horreur', 'Roman Polanski', 'Anglais', 1990, 159),
('586', 'Apocalypse Now', 'Horreur', 'Francis Ford Coppola', 'Anglais', 2009, 139),
('587', 'Voyage au bout de l enfer', 'Horreur', 'Michael Cimino', 'Anglais', 2010, 178),
('588', 'Les Sentiers de la gloire', 'Horreur', 'Stanley Kubrick', 'Anglais', 2015, 167),
('589', 'Incendies', 'Horreur', 'Denis Villeneuve', 'Anglais', 2004, 122),
('590', 'Prisoners', 'Horreur', 'Denis Villeneuve', 'Anglais', 1993, 148),
('591', 'Le Chant du Loup', 'Horreur', 'Antonin Baudry', 'Anglais', 1997, 135),
('592', 'Psychose', 'Horreur', 'Alfred Hitchcock', 'Anglais', 2002, 170),
('593', 'Million Dollar Baby', 'Horreur', 'Clint Eastwood', 'Anglais', 1992, 170),
('594', 'Edmond', 'Horreur', 'Alexis Michalik', 'Anglais', 1993, 170),
('595', 'Alabama Monroe', 'Horreur', 'Johan Heldenbergh', 'Anglais', 2007, 127),
('596', 'American History', 'Horreur', 'Tony Kaye', 'Anglais', 1999, 170),
('597', 'Il était une fois en Amérique', 'Horreur', 'Sergio Leone', 'Anglais', 2007, 150),
('598', 'Tu ne tueras point', 'Horreur', 'Mel Gibson', 'Anglais', 2004, 153),
('599', '12 hommes en colère', 'Horreur', 'Sidney Lumet', 'Anglais', 1991, 198);

-- --------------------------------------------------------

--
-- Stand-in structure for view `fmoment`
--
CREATE TABLE IF NOT EXISTS `fmoment` (
`Film du moment` varchar(60)
);
-- --------------------------------------------------------

--
-- Stand-in structure for view `nprojete`
--
CREATE TABLE IF NOT EXISTS `nprojete` (
`Nom du Film` varchar(60)
,`FilmID` varchar(60)
,`NULL` varchar(60)
);
-- --------------------------------------------------------

--
-- Table structure for table `projection`
--

CREATE TABLE IF NOT EXISTS `projection` (
  `projectionID` int(6) NOT NULL,
  `heuredebut` varchar(60) NOT NULL,
  `heurefin` varchar(60) NOT NULL,
  `day` varchar(60) NOT NULL,
  `cinemaID` varchar(60) NOT NULL,
  `filmID` varchar(60) NOT NULL,
  `salleID` int(6) NOT NULL,
  PRIMARY KEY (`projectionID`),
  KEY `cinemaID` (`cinemaID`),
  KEY `filmID` (`filmID`),
  KEY `salleID` (`salleID`)
) ENGINE=InnoDB DEFAULT CHARSET=latin1;

--
-- Dumping data for table `projection`
--

INSERT INTO `projection` (`projectionID`, `heuredebut`, `heurefin`, `day`, `cinemaID`, `filmID`, `salleID`) VALUES
(1, '2020-1-1 10:00', '2020-1-1 13:00', '2020-1-1', 'Montparnasse', '530', 8),
(2, '2020-1-1 14:00', '2020-1-1 17:00', '2020-1-1', 'Gaumont', '530', 12),
(3, '2020-1-1 18:00', '2020-1-1 21:00', '2020-1-1', 'Poissy', '530', 14),
(4, '2020-1-1 22:00', '2020-1-1 24:00', '2020-1-1', 'Défense', '530', 12),
(5, '2020-1-2 10:00', '2020-1-2 13:00', '2020-1-2', 'Halles', '571', 14),
(6, '2020-1-2 14:00', '2020-1-2 17:00', '2020-1-2', 'Beaugrenelle', '571', 6),
(7, '2020-1-2 18:00', '2020-1-2 21:00', '2020-1-2', 'Beaugrenelle', '571', 11),
(8, '2020-1-2 22:00', '2020-1-2 24:00', '2020-1-2', 'Montparnasse', '571', 1),
(9, '2020-1-3 10:00', '2020-1-3 13:00', '2020-1-3', 'Frederic-dard', '531', 5),
(10, '2020-1-3 14:00', '2020-1-3 17:00', '2020-1-3', 'Velizy', '531', 11),
(11, '2020-1-3 18:00', '2020-1-3 21:00', '2020-1-3', 'Halles', '531', 8),
(12, '2020-1-3 22:00', '2020-1-3 24:00', '2020-1-3', 'Mantes-la-Jolie', '531', 13),
(13, '2020-1-4 10:00', '2020-1-4 13:00', '2020-1-4', 'Défense', '503', 12),
(14, '2020-1-4 14:00', '2020-1-4 17:00', '2020-1-4', 'Cyrano', '503', 10),
(15, '2020-1-4 18:00', '2020-1-4 21:00', '2020-1-4', 'Grange', '503', 13),
(16, '2020-1-4 22:00', '2020-1-4 24:00', '2020-1-4', 'Gaumont', '503', 6),
(17, '2020-1-5 10:00', '2020-1-5 13:00', '2020-1-5', 'Mantes-la-Jolie', '531', 6),
(18, '2020-1-5 14:00', '2020-1-5 17:00', '2020-1-5', 'Montparnasse', '531', 14),
(19, '2020-1-5 18:00', '2020-1-5 21:00', '2020-1-5', 'Frederic-dard', '531', 3),
(20, '2020-1-5 22:00', '2020-1-5 24:00', '2020-1-5', 'Fontenay-le-Fleury', '531', 7),
(21, '2020-1-6 10:00', '2020-1-6 13:00', '2020-1-6', 'Halles', '578', 3),
(22, '2020-1-6 14:00', '2020-1-6 17:00', '2020-1-6', 'Velizy', '578', 4),
(23, '2020-1-6 18:00', '2020-1-6 21:00', '2020-1-6', 'Cyrano', '578', 3),
(24, '2020-1-6 22:00', '2020-1-6 24:00', '2020-1-6', 'Montparnasse', '578', 15),
(25, '2020-1-7 10:00', '2020-1-7 13:00', '2020-1-7', 'Cyrano', '564', 12),
(26, '2020-1-7 14:00', '2020-1-7 17:00', '2020-1-7', 'Cyrano', '564', 15),
(27, '2020-1-7 18:00', '2020-1-7 21:00', '2020-1-7', 'Halles', '564', 8),
(28, '2020-1-7 22:00', '2020-1-7 24:00', '2020-1-7', 'Frederic-dard', '564', 8),
(29, '2020-1-8 10:00', '2020-1-8 13:00', '2020-1-8', 'Mantes-la-Jolie', '590', 10),
(30, '2020-1-8 14:00', '2020-1-8 17:00', '2020-1-8', 'Fontenay-le-Fleury', '590', 4),
(31, '2020-1-8 18:00', '2020-1-8 21:00', '2020-1-8', 'Grange', '590', 10),
(32, '2020-1-8 22:00', '2020-1-8 24:00', '2020-1-8', 'Défense', '590', 12),
(33, '2020-1-9 10:00', '2020-1-9 13:00', '2020-1-9', 'Halles', '582', 7),
(34, '2020-1-9 14:00', '2020-1-9 17:00', '2020-1-9', 'Montparnasse', '582', 4),
(35, '2020-1-9 18:00', '2020-1-9 21:00', '2020-1-9', 'Beaugrenelle', '582', 11),
(36, '2020-1-9 22:00', '2020-1-9 24:00', '2020-1-9', 'Cyrano', '582', 3),
(37, '2020-1-10 10:00', '2020-1-10 13:00', '2020-1-10', 'Cyrano', '548', 13),
(38, '2020-1-10 14:00', '2020-1-10 17:00', '2020-1-10', 'Mantes-la-Jolie', '548', 9),
(39, '2020-1-10 18:00', '2020-1-10 21:00', '2020-1-10', 'Gaumont', '548', 11),
(40, '2020-1-10 22:00', '2020-1-10 24:00', '2020-1-10', 'Cyrano', '548', 4),
(41, '2020-1-11 10:00', '2020-1-11 13:00', '2020-1-11', 'Frederic-dard', '581', 13),
(42, '2020-1-11 14:00', '2020-1-11 17:00', '2020-1-11', 'Halles', '581', 11),
(43, '2020-1-11 18:00', '2020-1-11 21:00', '2020-1-11', 'Grange', '581', 11),
(44, '2020-1-11 22:00', '2020-1-11 24:00', '2020-1-11', 'Beaugrenelle', '581', 4),
(45, '2020-1-12 10:00', '2020-1-12 13:00', '2020-1-12', 'Velizy', '504', 12),
(46, '2020-1-12 14:00', '2020-1-12 17:00', '2020-1-12', 'Montparnasse', '504', 15),
(47, '2020-1-12 18:00', '2020-1-12 21:00', '2020-1-12', 'Cyrano', '504', 12),
(48, '2020-1-12 22:00', '2020-1-12 24:00', '2020-1-12', 'Grange', '504', 15),
(49, '2020-1-13 10:00', '2020-1-13 13:00', '2020-1-13', 'Gaumont', '584', 7),
(50, '2020-1-13 14:00', '2020-1-13 17:00', '2020-1-13', 'Défense', '584', 13),
(51, '2020-1-13 18:00', '2020-1-13 21:00', '2020-1-13', 'Cine7', '584', 2),
(52, '2020-1-13 22:00', '2020-1-13 24:00', '2020-1-13', 'Beaugrenelle', '584', 14),
(53, '2020-1-14 10:00', '2020-1-14 13:00', '2020-1-14', 'Frederic-dard', '515', 2),
(54, '2020-1-14 14:00', '2020-1-14 17:00', '2020-1-14', 'Gaumont', '515', 8),
(55, '2020-1-14 18:00', '2020-1-14 21:00', '2020-1-14', 'Velizy', '515', 7),
(56, '2020-1-14 22:00', '2020-1-14 24:00', '2020-1-14', 'Cyrano', '515', 2),
(57, '2020-1-15 10:00', '2020-1-15 13:00', '2020-1-15', 'Fontenay-le-Fleury', '564', 10),
(58, '2020-1-15 14:00', '2020-1-15 17:00', '2020-1-15', 'Beaugrenelle', '564', 8),
(59, '2020-1-15 18:00', '2020-1-15 21:00', '2020-1-15', 'Montparnasse', '564', 6),
(60, '2020-1-15 22:00', '2020-1-15 24:00', '2020-1-15', 'Frederic-dard', '564', 12),
(61, '2020-1-16 10:00', '2020-1-16 13:00', '2020-1-16', 'Mantes-la-Jolie', '559', 1),
(62, '2020-1-16 14:00', '2020-1-16 17:00', '2020-1-16', 'Défense', '559', 9),
(63, '2020-1-16 18:00', '2020-1-16 21:00', '2020-1-16', 'Cyrano', '559', 3),
(64, '2020-1-16 22:00', '2020-1-16 24:00', '2020-1-16', 'Beaugrenelle', '559', 2),
(65, '2020-1-17 10:00', '2020-1-17 13:00', '2020-1-17', 'Mantes-la-Jolie', '549', 13),
(66, '2020-1-17 14:00', '2020-1-17 17:00', '2020-1-17', 'Frederic-dard', '549', 4),
(67, '2020-1-17 18:00', '2020-1-17 21:00', '2020-1-17', 'Beaugrenelle', '549', 5),
(68, '2020-1-17 22:00', '2020-1-17 24:00', '2020-1-17', 'Velizy', '549', 2),
(69, '2020-1-18 10:00', '2020-1-18 13:00', '2020-1-18', 'Fontenay-le-Fleury', '576', 3),
(70, '2020-1-18 14:00', '2020-1-18 17:00', '2020-1-18', 'Frederic-dard', '576', 15),
(71, '2020-1-18 18:00', '2020-1-18 21:00', '2020-1-18', 'Du-Theatre', '576', 9),
(72, '2020-1-18 22:00', '2020-1-18 24:00', '2020-1-18', 'Halles', '576', 5),
(73, '2020-1-19 10:00', '2020-1-19 13:00', '2020-1-19', 'Fontenay-le-Fleury', '547', 15),
(74, '2020-1-19 14:00', '2020-1-19 17:00', '2020-1-19', 'Beaugrenelle', '547', 15),
(75, '2020-1-19 18:00', '2020-1-19 21:00', '2020-1-19', 'Grange', '547', 14),
(76, '2020-1-19 22:00', '2020-1-19 24:00', '2020-1-19', 'Cyrano', '547', 4),
(77, '2020-1-20 10:00', '2020-1-20 13:00', '2020-1-20', 'Défense', '521', 4),
(78, '2020-1-20 14:00', '2020-1-20 17:00', '2020-1-20', 'Du-Theatre', '521', 13),
(79, '2020-1-20 18:00', '2020-1-20 21:00', '2020-1-20', 'Velizy', '521', 13),
(80, '2020-1-20 22:00', '2020-1-20 24:00', '2020-1-20', 'Mantes-la-Jolie', '521', 15),
(81, '2020-1-21 10:00', '2020-1-21 13:00', '2020-1-21', 'Beaugrenelle', '510', 2),
(82, '2020-1-21 14:00', '2020-1-21 17:00', '2020-1-21', 'Grange', '510', 2),
(83, '2020-1-21 18:00', '2020-1-21 21:00', '2020-1-21', 'Montparnasse', '510', 14),
(84, '2020-1-21 22:00', '2020-1-21 24:00', '2020-1-21', 'Frederic-dard', '510', 9),
(85, '2020-1-22 10:00', '2020-1-22 13:00', '2020-1-22', 'Cyrano', '544', 13),
(86, '2020-1-22 14:00', '2020-1-22 17:00', '2020-1-22', 'Défense', '544', 12),
(87, '2020-1-22 18:00', '2020-1-22 21:00', '2020-1-22', 'Halles', '544', 5),
(88, '2020-1-22 22:00', '2020-1-22 24:00', '2020-1-22', 'Frederic-dard', '544', 14),
(89, '2020-1-23 10:00', '2020-1-23 13:00', '2020-1-23', 'Cyrano', '527', 7),
(90, '2020-1-23 14:00', '2020-1-23 17:00', '2020-1-23', 'Beaugrenelle', '527', 6),
(91, '2020-1-23 18:00', '2020-1-23 21:00', '2020-1-23', 'Cyrano', '527', 10),
(92, '2020-1-23 22:00', '2020-1-23 24:00', '2020-1-23', 'Montparnasse', '527', 2),
(93, '2020-1-24 10:00', '2020-1-24 13:00', '2020-1-24', 'Fontenay-le-Fleury', '536', 10),
(94, '2020-1-24 14:00', '2020-1-24 17:00', '2020-1-24', 'Grange', '536', 3),
(95, '2020-1-24 18:00', '2020-1-24 21:00', '2020-1-24', 'Du-Theatre', '536', 1),
(96, '2020-1-24 22:00', '2020-1-24 24:00', '2020-1-24', 'Défense', '536', 4),
(97, '2020-1-25 10:00', '2020-1-25 13:00', '2020-1-25', 'Mantes-la-Jolie', '550', 2),
(98, '2020-1-25 14:00', '2020-1-25 17:00', '2020-1-25', 'Beaugrenelle', '550', 14),
(99, '2020-1-25 18:00', '2020-1-25 21:00', '2020-1-25', 'Frederic-dard', '550', 10),
(100, '2020-1-25 22:00', '2020-1-25 24:00', '2020-1-25', 'Fontenay-le-Fleury', '550', 7),
(101, '2020-1-26 10:00', '2020-1-26 13:00', '2020-1-26', 'Montparnasse', '519', 10),
(102, '2020-1-26 14:00', '2020-1-26 17:00', '2020-1-26', 'Cyrano', '519', 14),
(103, '2020-1-26 18:00', '2020-1-26 21:00', '2020-1-26', 'Grange', '519', 10),
(104, '2020-1-26 22:00', '2020-1-26 24:00', '2020-1-26', 'Défense', '519', 5),
(105, '2020-1-27 10:00', '2020-1-27 13:00', '2020-1-27', 'Halles', '576', 10),
(106, '2020-1-27 14:00', '2020-1-27 17:00', '2020-1-27', 'Gaumont', '576', 7),
(107, '2020-1-27 18:00', '2020-1-27 21:00', '2020-1-27', 'Beaugrenelle', '576', 12),
(108, '2020-1-27 22:00', '2020-1-27 24:00', '2020-1-27', 'Velizy', '576', 4),
(109, '2020-1-28 10:00', '2020-1-28 13:00', '2020-1-28', 'Défense', '529', 15),
(110, '2020-1-28 14:00', '2020-1-28 17:00', '2020-1-28', 'Cyrano', '529', 3),
(111, '2020-1-28 18:00', '2020-1-28 21:00', '2020-1-28', 'Montparnasse', '529', 15),
(112, '2020-1-28 22:00', '2020-1-28 24:00', '2020-1-28', 'Cyrano', '529', 12),
(113, '2020-1-29 10:00', '2020-1-29 13:00', '2020-1-29', 'Défense', '584', 9),
(114, '2020-1-29 14:00', '2020-1-29 17:00', '2020-1-29', 'Frederic-dard', '584', 11),
(115, '2020-1-29 18:00', '2020-1-29 21:00', '2020-1-29', 'Cyrano', '584', 9),
(116, '2020-1-29 22:00', '2020-1-29 24:00', '2020-1-29', 'Fontenay-le-Fleury', '584', 14),
(117, '2020-1-30 10:00', '2020-1-30 13:00', '2020-1-30', 'Halles', '587', 2),
(118, '2020-1-30 14:00', '2020-1-30 17:00', '2020-1-30', 'Cyrano', '587', 15),
(119, '2020-1-30 18:00', '2020-1-30 21:00', '2020-1-30', 'Fontenay-le-Fleury', '587', 9),
(120, '2020-1-30 22:00', '2020-1-30 24:00', '2020-1-30', 'C2L', '587', 9),
(121, '2020-1-31 10:00', '2020-1-31 13:00', '2020-1-31', 'Du-Theatre', '508', 3),
(122, '2020-1-31 14:00', '2020-1-31 17:00', '2020-1-31', 'Fontenay-le-Fleury', '508', 1),
(123, '2020-1-31 18:00', '2020-1-31 21:00', '2020-1-31', 'C2L', '508', 10),
(124, '2020-1-31 22:00', '2020-1-31 24:00', '2020-1-31', 'Du-Theatre', '508', 11),
(125, '2020-2-1 10:00', '2020-2-1 13:00', '2020-2-1', 'Fontenay-le-Fleury', '552', 11),
(126, '2020-2-1 14:00', '2020-2-1 17:00', '2020-2-1', 'C2L', '552', 8),
(127, '2020-2-1 18:00', '2020-2-1 21:00', '2020-2-1', 'Du-Theatre', '552', 11),
(128, '2020-2-1 22:00', '2020-2-1 24:00', '2020-2-1', 'Halles', '552', 12),
(129, '2020-2-2 10:00', '2020-2-2 13:00', '2020-2-2', 'Grange', '582', 3),
(130, '2020-2-2 14:00', '2020-2-2 17:00', '2020-2-2', 'Bretagne', '582', 7),
(131, '2020-2-2 18:00', '2020-2-2 21:00', '2020-2-2', 'Frederic-dard', '582', 2),
(132, '2020-2-2 22:00', '2020-2-2 24:00', '2020-2-2', 'Archipel', '582', 14),
(133, '2020-2-3 10:00', '2020-2-3 13:00', '2020-2-3', 'Beaugrenelle', '541', 12),
(134, '2020-2-3 14:00', '2020-2-3 17:00', '2020-2-3', 'Gaumont', '541', 13),
(135, '2020-2-3 18:00', '2020-2-3 21:00', '2020-2-3', 'Cyrano', '541', 4),
(136, '2020-2-3 22:00', '2020-2-3 24:00', '2020-2-3', 'Jean-marais', '541', 1),
(137, '2020-2-4 10:00', '2020-2-4 13:00', '2020-2-4', 'Archipel', '557', 9),
(138, '2020-2-4 14:00', '2020-2-4 17:00', '2020-2-4', 'Montparnasse', '557', 6),
(139, '2020-2-4 18:00', '2020-2-4 21:00', '2020-2-4', 'Beaugrenelle', '557', 15),
(140, '2020-2-4 22:00', '2020-2-4 24:00', '2020-2-4', 'Défense', '557', 5),
(141, '2020-2-5 10:00', '2020-2-5 13:00', '2020-2-5', 'Velizy', '569', 12),
(142, '2020-2-5 14:00', '2020-2-5 17:00', '2020-2-5', 'Fontenay-le-Fleury', '569', 13),
(143, '2020-2-5 18:00', '2020-2-5 21:00', '2020-2-5', 'Montauban', '569', 2),
(144, '2020-2-5 22:00', '2020-2-5 24:00', '2020-2-5', 'Jean-marais', '569', 5),
(145, '2020-2-6 10:00', '2020-2-6 13:00', '2020-2-6', 'Montparnasse', '515', 7),
(146, '2020-2-6 14:00', '2020-2-6 17:00', '2020-2-6', 'Halles', '515', 11),
(147, '2020-2-6 18:00', '2020-2-6 21:00', '2020-2-6', 'Frederic-dard', '515', 4),
(148, '2020-2-6 22:00', '2020-2-6 24:00', '2020-2-6', 'Beaugrenelle', '515', 12),
(149, '2020-2-7 10:00', '2020-2-7 13:00', '2020-2-7', 'Défense', '503', 6),
(150, '2020-2-7 14:00', '2020-2-7 17:00', '2020-2-7', 'Velizy', '503', 2),
(151, '2020-2-7 18:00', '2020-2-7 21:00', '2020-2-7', 'Gaumont', '503', 15),
(152, '2020-2-7 22:00', '2020-2-7 24:00', '2020-2-7', 'Fontenay-le-Fleury', '503', 12),
(153, '2020-2-8 10:00', '2020-2-8 13:00', '2020-2-8', 'Jean-marais', '549', 6),
(154, '2020-2-8 14:00', '2020-2-8 17:00', '2020-2-8', 'Montparnasse', '549', 5),
(155, '2020-2-8 18:00', '2020-2-8 21:00', '2020-2-8', 'Archipel', '549', 3),
(156, '2020-2-8 22:00', '2020-2-8 24:00', '2020-2-8', 'Défense', '549', 8),
(157, '2020-2-9 10:00', '2020-2-9 13:00', '2020-2-9', 'Beaugrenelle', '517', 2),
(158, '2020-2-9 14:00', '2020-2-9 17:00', '2020-2-9', 'Archipel', '517', 14),
(159, '2020-2-9 18:00', '2020-2-9 21:00', '2020-2-9', 'Montauban', '517', 6),
(160, '2020-2-9 22:00', '2020-2-9 24:00', '2020-2-9', 'Cyrano', '517', 10),
(161, '2020-2-10 10:00', '2020-2-10 13:00', '2020-2-10', 'Halles', '533', 12),
(162, '2020-2-10 14:00', '2020-2-10 17:00', '2020-2-10', 'Grange', '533', 10),
(163, '2020-2-10 18:00', '2020-2-10 21:00', '2020-2-10', 'Montauban', '533', 6),
(164, '2020-2-10 22:00', '2020-2-10 24:00', '2020-2-10', 'Gaumont', '533', 13),
(165, '2020-2-11 10:00', '2020-2-11 13:00', '2020-2-11', 'Cyrano', '516', 11),
(166, '2020-2-11 14:00', '2020-2-11 17:00', '2020-2-11', 'Montparnasse', '516', 14),
(167, '2020-2-11 18:00', '2020-2-11 21:00', '2020-2-11', 'Cyrano', '516', 7),
(168, '2020-2-11 22:00', '2020-2-11 24:00', '2020-2-11', 'Velizy', '516', 12),
(169, '2020-2-12 10:00', '2020-2-12 13:00', '2020-2-12', 'Beaugrenelle', '526', 11),
(170, '2020-2-12 14:00', '2020-2-12 17:00', '2020-2-12', 'Cyrano', '526', 1),
(171, '2020-2-12 18:00', '2020-2-12 21:00', '2020-2-12', 'Défense', '526', 14),
(172, '2020-2-12 22:00', '2020-2-12 24:00', '2020-2-12', 'Archipel', '526', 8),
(173, '2020-2-13 10:00', '2020-2-13 13:00', '2020-2-13', 'Halles', '595', 10),
(174, '2020-2-13 14:00', '2020-2-13 17:00', '2020-2-13', 'Cyrano', '595', 1),
(175, '2020-2-13 18:00', '2020-2-13 21:00', '2020-2-13', 'Beaugrenelle', '595', 6),
(176, '2020-2-13 22:00', '2020-2-13 24:00', '2020-2-13', 'Cyrano', '595', 14),
(177, '2020-2-14 10:00', '2020-2-14 13:00', '2020-2-14', 'Frederic-dard', '504', 15),
(178, '2020-2-14 14:00', '2020-2-14 17:00', '2020-2-14', 'Montparnasse', '504', 7),
(179, '2020-2-14 18:00', '2020-2-14 21:00', '2020-2-14', 'Cyrano', '504', 4),
(180, '2020-2-14 22:00', '2020-2-14 24:00', '2020-2-14', 'Défense', '504', 7),
(181, '2020-2-15 10:00', '2020-2-15 13:00', '2020-2-15', 'Archipel', '530', 15),
(182, '2020-2-15 14:00', '2020-2-15 17:00', '2020-2-15', 'Velizy', '530', 4),
(183, '2020-2-15 18:00', '2020-2-15 21:00', '2020-2-15', 'Grange', '530', 3),
(184, '2020-2-15 22:00', '2020-2-15 24:00', '2020-2-15', 'Mantes-la-Jolie', '530', 9),
(185, '2020-2-16 10:00', '2020-2-16 13:00', '2020-2-16', 'Jean-marais', '524', 8),
(186, '2020-2-16 14:00', '2020-2-16 17:00', '2020-2-16', 'Défense', '524', 9),
(187, '2020-2-16 18:00', '2020-2-16 21:00', '2020-2-16', 'Cyrano', '524', 11),
(188, '2020-2-16 22:00', '2020-2-16 24:00', '2020-2-16', 'Gaumont', '524', 8),
(189, '2020-2-17 10:00', '2020-2-17 13:00', '2020-2-17', 'Jean-marais', '540', 1),
(190, '2020-2-17 14:00', '2020-2-17 17:00', '2020-2-17', 'Montparnasse', '540', 8),
(191, '2020-2-17 18:00', '2020-2-17 21:00', '2020-2-17', 'Halles', '540', 13),
(192, '2020-2-17 22:00', '2020-2-17 24:00', '2020-2-17', 'Cyrano', '540', 12),
(193, '2020-2-18 10:00', '2020-2-18 13:00', '2020-2-18', 'Archipel', '517', 11),
(194, '2020-2-18 14:00', '2020-2-18 17:00', '2020-2-18', 'Cyrano', '517', 14),
(195, '2020-2-18 18:00', '2020-2-18 21:00', '2020-2-18', 'Beaugrenelle', '517', 4),
(196, '2020-2-18 22:00', '2020-2-18 24:00', '2020-2-18', 'Frederic-dard', '517', 5),
(197, '2020-2-19 10:00', '2020-2-19 13:00', '2020-2-19', 'Jean-marais', '594', 10),
(198, '2020-2-19 14:00', '2020-2-19 17:00', '2020-2-19', 'Archipel', '594', 11),
(199, '2020-2-19 18:00', '2020-2-19 21:00', '2020-2-19', 'Beaugrenelle', '594', 4),
(200, '2020-2-19 22:00', '2020-2-19 24:00', '2020-2-19', 'Gaumont', '594', 4),
(201, '2020-2-20 10:00', '2020-2-20 13:00', '2020-2-20', 'Montauban', '595', 15),
(202, '2020-2-20 14:00', '2020-2-20 17:00', '2020-2-20', 'Du-Theatre', '595', 9),
(203, '2020-2-20 18:00', '2020-2-20 21:00', '2020-2-20', 'Cyrano', '595', 13),
(204, '2020-2-20 22:00', '2020-2-20 24:00', '2020-2-20', 'Gaumont', '595', 9),
(205, '2020-2-21 10:00', '2020-2-21 13:00', '2020-2-21', 'Cyrano', '519', 7),
(206, '2020-2-21 14:00', '2020-2-21 17:00', '2020-2-21', 'Beaugrenelle', '519', 9),
(207, '2020-2-21 18:00', '2020-2-21 21:00', '2020-2-21', 'Cyrano', '519', 1),
(208, '2020-2-21 22:00', '2020-2-21 24:00', '2020-2-21', 'Montauban', '519', 13),
(209, '2020-2-22 10:00', '2020-2-22 13:00', '2020-2-22', 'Mantes-la-Jolie', '584', 12),
(210, '2020-2-22 14:00', '2020-2-22 17:00', '2020-2-22', 'Défense', '584', 7),
(211, '2020-2-22 18:00', '2020-2-22 21:00', '2020-2-22', 'Cyrano', '584', 15),
(212, '2020-2-22 22:00', '2020-2-22 24:00', '2020-2-22', 'Grange', '584', 10),
(213, '2020-2-23 10:00', '2020-2-23 13:00', '2020-2-23', 'Velizy', '522', 11),
(214, '2020-2-23 14:00', '2020-2-23 17:00', '2020-2-23', 'Cyrano', '522', 6),
(215, '2020-2-23 18:00', '2020-2-23 21:00', '2020-2-23', 'Gaumont', '522', 12),
(216, '2020-2-23 22:00', '2020-2-23 24:00', '2020-2-23', 'Montparnasse', '522', 12),
(217, '2020-2-24 10:00', '2020-2-24 13:00', '2020-2-24', 'Cyrano', '525', 15),
(218, '2020-2-24 14:00', '2020-2-24 17:00', '2020-2-24', 'Frederic-dard', '525', 9),
(219, '2020-2-24 18:00', '2020-2-24 21:00', '2020-2-24', 'Cyrano', '525', 8),
(220, '2020-2-24 22:00', '2020-2-24 24:00', '2020-2-24', 'Montauban', '525', 8),
(221, '2020-2-25 10:00', '2020-2-25 13:00', '2020-2-25', 'Velizy', '532', 15),
(222, '2020-2-25 14:00', '2020-2-25 17:00', '2020-2-25', 'Grange', '532', 6),
(223, '2020-2-25 18:00', '2020-2-25 21:00', '2020-2-25', 'Beaugrenelle', '532', 10),
(224, '2020-2-25 22:00', '2020-2-25 24:00', '2020-2-25', 'Cyrano', '532', 11),
(225, '2020-2-26 10:00', '2020-2-26 13:00', '2020-2-26', 'Montparnasse', '563', 5),
(226, '2020-2-26 14:00', '2020-2-26 17:00', '2020-2-26', 'Cyrano', '563', 3),
(227, '2020-2-26 18:00', '2020-2-26 21:00', '2020-2-26', 'Halles', '563', 13),
(228, '2020-2-26 22:00', '2020-2-26 24:00', '2020-2-26', 'Grange', '563', 10),
(229, '2020-2-27 10:00', '2020-2-27 13:00', '2020-2-27', 'Du-Theatre', '577', 6),
(230, '2020-2-27 14:00', '2020-2-27 17:00', '2020-2-27', 'Frederic-dard', '577', 8),
(231, '2020-2-27 18:00', '2020-2-27 21:00', '2020-2-27', 'Montauban', '577', 6),
(232, '2020-2-27 22:00', '2020-2-27 24:00', '2020-2-27', 'Montparnasse', '577', 3),
(233, '2020-2-28 10:00', '2020-2-28 13:00', '2020-2-28', 'Beaugrenelle', '506', 5),
(234, '2020-2-28 14:00', '2020-2-28 17:00', '2020-2-28', 'Défense', '506', 2),
(235, '2020-2-28 18:00', '2020-2-28 21:00', '2020-2-28', 'Du-Theatre', '506', 13),
(236, '2020-2-28 22:00', '2020-2-28 24:00', '2020-2-28', 'Cyrano', '506', 15),
(237, '2020-2-29 10:00', '2020-2-29 13:00', '2020-2-29', 'Gaumont', '557', 8),
(238, '2020-2-29 14:00', '2020-2-29 17:00', '2020-2-29', 'Velizy', '557', 4),
(239, '2020-2-29 18:00', '2020-2-29 21:00', '2020-2-29', 'Beaugrenelle', '557', 4),
(240, '2020-2-29 22:00', '2020-2-29 24:00', '2020-2-29', 'Montparnasse', '557', 8),
(241, '2020-2-30 10:00', '2020-2-30 13:00', '2020-2-30', 'Cyrano', '564', 15),
(242, '2020-2-30 14:00', '2020-2-30 17:00', '2020-2-30', 'Archipel', '564', 9),
(243, '2020-2-30 18:00', '2020-2-30 21:00', '2020-2-30', 'Gaumont', '564', 14),
(244, '2020-2-30 22:00', '2020-2-30 24:00', '2020-2-30', 'Grange', '564', 5),
(245, '2020-2-31 10:00', '2020-2-31 13:00', '2020-2-31', 'Frederic-dard', '592', 14),
(246, '2020-2-31 14:00', '2020-2-31 17:00', '2020-2-31', 'Cyrano', '592', 5),
(247, '2020-2-31 18:00', '2020-2-31 21:00', '2020-2-31', 'Gaumont', '592', 7),
(248, '2020-2-31 22:00', '2020-2-31 24:00', '2020-2-31', 'Cyrano', '592', 8),
(249, '2020-3-1 10:00', '2020-3-1 13:00', '2020-3-1', 'Cyrano', '565', 15),
(250, '2020-3-1 14:00', '2020-3-1 17:00', '2020-3-1', 'Montauban', '565', 12),
(251, '2020-3-1 18:00', '2020-3-1 21:00', '2020-3-1', 'Gaumont', '565', 14),
(252, '2020-3-1 22:00', '2020-3-1 24:00', '2020-3-1', 'Montparnasse', '565', 12),
(253, '2020-3-2 10:00', '2020-3-2 13:00', '2020-3-2', 'Du-Theatre', '521', 15),
(254, '2020-3-2 14:00', '2020-3-2 17:00', '2020-3-2', 'Beaugrenelle', '521', 6),
(255, '2020-3-2 18:00', '2020-3-2 21:00', '2020-3-2', 'Défense', '521', 13),
(256, '2020-3-2 22:00', '2020-3-2 24:00', '2020-3-2', 'Du-Theatre', '521', 10),
(257, '2020-3-3 10:00', '2020-3-3 13:00', '2020-3-3', 'Frederic-dard', '568', 5),
(258, '2020-3-3 14:00', '2020-3-3 17:00', '2020-3-3', 'Jean-marais', '568', 5),
(259, '2020-3-3 18:00', '2020-3-3 21:00', '2020-3-3', 'Gaumont', '568', 4),
(260, '2020-3-3 22:00', '2020-3-3 24:00', '2020-3-3', 'Du-Theatre', '568', 9),
(261, '2020-3-4 10:00', '2020-3-4 13:00', '2020-3-4', 'Gaumont', '584', 12),
(262, '2020-3-4 14:00', '2020-3-4 17:00', '2020-3-4', 'Jean-marais', '584', 4),
(263, '2020-3-4 18:00', '2020-3-4 21:00', '2020-3-4', 'Halles', '584', 14),
(264, '2020-3-4 22:00', '2020-3-4 24:00', '2020-3-4', 'Archipel', '584', 12),
(265, '2020-3-5 10:00', '2020-3-5 13:00', '2020-3-5', 'Cine7', '524', 3),
(266, '2020-3-5 14:00', '2020-3-5 17:00', '2020-3-5', 'Cine7', '524', 12),
(267, '2020-3-5 18:00', '2020-3-5 21:00', '2020-3-5', 'Montparnasse', '524', 7),
(268, '2020-3-5 22:00', '2020-3-5 24:00', '2020-3-5', 'Jean-marais', '524', 6),
(269, '2020-3-6 10:00', '2020-3-6 13:00', '2020-3-6', 'Montauban', '528', 13),
(270, '2020-3-6 14:00', '2020-3-6 17:00', '2020-3-6', 'Beaugrenelle', '528', 7),
(271, '2020-3-6 18:00', '2020-3-6 21:00', '2020-3-6', 'Cine7', '528', 9),
(272, '2020-3-6 22:00', '2020-3-6 24:00', '2020-3-6', 'Velizy', '528', 1),
(273, '2020-3-7 10:00', '2020-3-7 13:00', '2020-3-7', 'Gaumont', '561', 9),
(274, '2020-3-7 14:00', '2020-3-7 17:00', '2020-3-7', 'Grange', '561', 14),
(275, '2020-3-7 18:00', '2020-3-7 21:00', '2020-3-7', 'Gaumont', '561', 1),
(276, '2020-3-7 22:00', '2020-3-7 24:00', '2020-3-7', 'Cyrano', '561', 5),
(277, '2020-3-8 10:00', '2020-3-8 13:00', '2020-3-8', 'Beaugrenelle', '545', 12),
(278, '2020-3-8 14:00', '2020-3-8 17:00', '2020-3-8', 'Grange', '545', 5),
(279, '2020-3-8 18:00', '2020-3-8 21:00', '2020-3-8', 'Défense', '545', 4),
(280, '2020-3-8 22:00', '2020-3-8 24:00', '2020-3-8', 'Velizy', '545', 14),
(281, '2020-3-9 10:00', '2020-3-9 13:00', '2020-3-9', 'Cine7', '555', 14),
(282, '2020-3-9 14:00', '2020-3-9 17:00', '2020-3-9', 'Du-Theatre', '555', 11),
(283, '2020-3-9 18:00', '2020-3-9 21:00', '2020-3-9', 'Frederic-dard', '555', 4),
(284, '2020-3-9 22:00', '2020-3-9 24:00', '2020-3-9', 'Jean-marais', '555', 9),
(285, '2020-3-10 10:00', '2020-3-10 13:00', '2020-3-10', 'Jean-marais', '598', 12),
(286, '2020-3-10 14:00', '2020-3-10 17:00', '2020-3-10', 'Cyrano', '598', 2),
(287, '2020-3-10 18:00', '2020-3-10 21:00', '2020-3-10', 'Cine7', '598', 5),
(288, '2020-3-10 22:00', '2020-3-10 24:00', '2020-3-10', 'Cyrano', '598', 6),
(289, '2020-3-11 10:00', '2020-3-11 13:00', '2020-3-11', 'Gaumont', '551', 14),
(290, '2020-3-11 14:00', '2020-3-11 17:00', '2020-3-11', 'Archipel', '551', 12),
(291, '2020-3-11 18:00', '2020-3-11 21:00', '2020-3-11', 'Cine7', '551', 5),
(292, '2020-3-11 22:00', '2020-3-11 24:00', '2020-3-11', 'Grange', '551', 11),
(293, '2020-3-12 10:00', '2020-3-12 13:00', '2020-3-12', 'Montauban', '532', 9),
(294, '2020-3-12 14:00', '2020-3-12 17:00', '2020-3-12', 'Montparnasse', '532', 3),
(295, '2020-3-12 18:00', '2020-3-12 21:00', '2020-3-12', 'Velizy', '532', 11),
(296, '2020-3-12 22:00', '2020-3-12 24:00', '2020-3-12', 'Cine7', '532', 13),
(297, '2020-3-13 10:00', '2020-3-13 13:00', '2020-3-13', 'Beaugrenelle', '582', 5),
(298, '2020-3-13 14:00', '2020-3-13 17:00', '2020-3-13', 'Frederic-dard', '582', 3),
(299, '2020-3-13 18:00', '2020-3-13 21:00', '2020-3-13', 'Cyrano', '582', 1),
(300, '2020-3-13 22:00', '2020-3-13 24:00', '2020-3-13', 'Archipel', '582', 9),
(301, '2020-3-14 10:00', '2020-3-14 13:00', '2020-3-14', 'Grange', '537', 8),
(302, '2020-3-14 14:00', '2020-3-14 17:00', '2020-3-14', 'Beaugrenelle', '537', 2),
(303, '2020-3-14 18:00', '2020-3-14 21:00', '2020-3-14', 'Défense', '537', 8),
(304, '2020-3-14 22:00', '2020-3-14 24:00', '2020-3-14', 'Cyrano', '537', 1),
(305, '2020-3-15 10:00', '2020-3-15 13:00', '2020-3-15', 'Montauban', '525', 2),
(306, '2020-3-15 14:00', '2020-3-15 17:00', '2020-3-15', 'Montparnasse', '525', 6),
(307, '2020-3-15 18:00', '2020-3-15 21:00', '2020-3-15', 'Jean-marais', '525', 3),
(308, '2020-3-15 22:00', '2020-3-15 24:00', '2020-3-15', 'Halles', '525', 4),
(309, '2020-3-16 10:00', '2020-3-16 13:00', '2020-3-16', 'Frederic-dard', '595', 11),
(310, '2020-3-16 14:00', '2020-3-16 17:00', '2020-3-16', 'Gaumont', '595', 12),
(311, '2020-3-16 18:00', '2020-3-16 21:00', '2020-3-16', 'Du-Theatre', '595', 2),
(312, '2020-3-16 22:00', '2020-3-16 24:00', '2020-3-16', 'Du-Theatre', '595', 7),
(313, '2020-3-17 10:00', '2020-3-17 13:00', '2020-3-17', 'Cyrano', '548', 15),
(314, '2020-3-17 14:00', '2020-3-17 17:00', '2020-3-17', 'Montauban', '548', 9),
(315, '2020-3-17 18:00', '2020-3-17 21:00', '2020-3-17', 'Beaugrenelle', '548', 5),
(316, '2020-3-17 22:00', '2020-3-17 24:00', '2020-3-17', 'Jean-marais', '548', 4),
(317, '2020-3-18 10:00', '2020-3-18 13:00', '2020-3-18', 'Archipel', '545', 6),
(318, '2020-3-18 14:00', '2020-3-18 17:00', '2020-3-18', 'Montparnasse', '545', 7),
(319, '2020-3-18 18:00', '2020-3-18 21:00', '2020-3-18', 'Gaumont', '545', 5),
(320, '2020-3-18 22:00', '2020-3-18 24:00', '2020-3-18', 'Halles', '545', 1),
(321, '2020-3-19 10:00', '2020-3-19 13:00', '2020-3-19', 'Grange', '520', 7),
(322, '2020-3-19 14:00', '2020-3-19 17:00', '2020-3-19', 'Gaumont', '520', 5),
(323, '2020-3-19 18:00', '2020-3-19 21:00', '2020-3-19', 'Montauban', '520', 8),
(324, '2020-3-19 22:00', '2020-3-19 24:00', '2020-3-19', 'Défense', '520', 9),
(325, '2020-3-20 10:00', '2020-3-20 13:00', '2020-3-20', 'Frederic-dard', '583', 13),
(326, '2020-3-20 14:00', '2020-3-20 17:00', '2020-3-20', 'Beaugrenelle', '583', 1),
(327, '2020-3-20 18:00', '2020-3-20 21:00', '2020-3-20', 'Montparnasse', '583', 6),
(328, '2020-3-20 22:00', '2020-3-20 24:00', '2020-3-20', 'Cyrano', '583', 1),
(329, '2020-3-21 10:00', '2020-3-21 13:00', '2020-3-21', 'Velizy', '536', 8),
(330, '2020-3-21 14:00', '2020-3-21 17:00', '2020-3-21', 'Jean-marais', '536', 11),
(331, '2020-3-21 18:00', '2020-3-21 21:00', '2020-3-21', 'Gaumont', '536', 10),
(332, '2020-3-21 22:00', '2020-3-21 24:00', '2020-3-21', 'Cyrano', '536', 11),
(333, '2020-3-22 10:00', '2020-3-22 13:00', '2020-3-22', 'Gaumont', '571', 5),
(334, '2020-3-22 14:00', '2020-3-22 17:00', '2020-3-22', 'Grange', '571', 1),
(335, '2020-3-22 18:00', '2020-3-22 21:00', '2020-3-22', 'Halles', '571', 2),
(336, '2020-3-22 22:00', '2020-3-22 24:00', '2020-3-22', 'Cyrano', '571', 15),
(337, '2020-3-23 10:00', '2020-3-23 13:00', '2020-3-23', 'Velizy', '594', 12),
(338, '2020-3-23 14:00', '2020-3-23 17:00', '2020-3-23', 'Beaugrenelle', '594', 11),
(339, '2020-3-23 18:00', '2020-3-23 21:00', '2020-3-23', 'Montparnasse', '594', 1),
(340, '2020-3-23 22:00', '2020-3-23 24:00', '2020-3-23', 'Montauban', '594', 7),
(341, '2020-3-24 10:00', '2020-3-24 13:00', '2020-3-24', 'Jean-marais', '560', 11),
(342, '2020-3-24 14:00', '2020-3-24 17:00', '2020-3-24', 'Cine7', '560', 15),
(343, '2020-3-24 18:00', '2020-3-24 21:00', '2020-3-24', 'Cyrano', '560', 2),
(344, '2020-3-24 22:00', '2020-3-24 24:00', '2020-3-24', 'Gaumont', '560', 6),
(345, '2020-3-25 10:00', '2020-3-25 13:00', '2020-3-25', 'Gaumont', '507', 6),
(346, '2020-3-25 14:00', '2020-3-25 17:00', '2020-3-25', 'Frederic-dard', '507', 13),
(347, '2020-3-25 18:00', '2020-3-25 21:00', '2020-3-25', 'Archipel', '507', 1),
(348, '2020-3-25 22:00', '2020-3-25 24:00', '2020-3-25', 'Montparnasse', '507', 9),
(349, '2020-3-26 10:00', '2020-3-26 13:00', '2020-3-26', 'Cyrano', '580', 10),
(350, '2020-3-26 14:00', '2020-3-26 17:00', '2020-3-26', 'Halles', '580', 2),
(351, '2020-3-26 18:00', '2020-3-26 21:00', '2020-3-26', 'Archipel', '580', 11),
(352, '2020-3-26 22:00', '2020-3-26 24:00', '2020-3-26', 'Montauban', '580', 10),
(353, '2020-3-27 10:00', '2020-3-27 13:00', '2020-3-27', 'Jean-marais', '598', 6),
(354, '2020-3-27 14:00', '2020-3-27 17:00', '2020-3-27', 'Beaugrenelle', '598', 15),
(355, '2020-3-27 18:00', '2020-3-27 21:00', '2020-3-27', 'Gaumont', '598', 7),
(356, '2020-3-27 22:00', '2020-3-27 24:00', '2020-3-27', 'Cyrano', '598', 12),
(357, '2020-3-28 10:00', '2020-3-28 13:00', '2020-3-28', 'Gaumont', '556', 4),
(358, '2020-3-28 14:00', '2020-3-28 17:00', '2020-3-28', 'Velizy', '556', 4),
(359, '2020-3-28 18:00', '2020-3-28 21:00', '2020-3-28', 'Gaumont', '556', 12),
(360, '2020-3-28 22:00', '2020-3-28 24:00', '2020-3-28', 'Grange', '556', 8),
(361, '2020-3-29 10:00', '2020-3-29 13:00', '2020-3-29', 'Jean-marais', '578', 4),
(362, '2020-3-29 14:00', '2020-3-29 17:00', '2020-3-29', 'Halles', '578', 9),
(363, '2020-3-29 18:00', '2020-3-29 21:00', '2020-3-29', 'Cine7', '578', 14),
(364, '2020-3-29 22:00', '2020-3-29 24:00', '2020-3-29', 'Frederic-dard', '578', 10),
(365, '2020-3-30 10:00', '2020-3-30 13:00', '2020-3-30', 'Velizy', '557', 2),
(366, '2020-3-30 14:00', '2020-3-30 17:00', '2020-3-30', 'Défense', '557', 6),
(367, '2020-3-30 18:00', '2020-3-30 21:00', '2020-3-30', 'Beaugrenelle', '557', 15),
(368, '2020-3-30 22:00', '2020-3-30 24:00', '2020-3-30', 'Montparnasse', '557', 10),
(369, '2020-3-31 10:00', '2020-3-31 13:00', '2020-3-31', 'Montauban', '581', 9),
(370, '2020-3-31 14:00', '2020-3-31 17:00', '2020-3-31', 'Gaumont', '581', 12),
(371, '2020-3-31 18:00', '2020-3-31 21:00', '2020-3-31', 'Défense', '581', 6),
(372, '2020-3-31 22:00', '2020-3-31 24:00', '2020-3-31', 'Halles', '581', 9);

-- --------------------------------------------------------

--
-- Table structure for table `salle`
--

CREATE TABLE IF NOT EXISTS `salle` (
  `salleID` int(6) NOT NULL,
  `type` varchar(60) NOT NULL,
  `capacite` int(6) NOT NULL,
  PRIMARY KEY (`salleID`)
) ENGINE=InnoDB DEFAULT CHARSET=latin1;

--
-- Dumping data for table `salle`
--

INSERT INTO `salle` (`salleID`, `type`, `capacite`) VALUES
(1, 'Standard', 100),
(2, 'Standard', 120),
(3, 'Standard', 150),
(4, 'Standard', 170),
(5, 'Standard', 200),
(6, 'IMAX', 100),
(7, 'IMAX', 120),
(8, 'IMAX', 150),
(9, 'IMAX', 170),
(10, 'IMAX', 200),
(11, '3D', 110),
(12, '3D', 120),
(13, '3D', 150),
(14, '3D', 170),
(15, '3D', 200);

-- --------------------------------------------------------

--
-- Structure for view `brestant`
--
DROP TABLE IF EXISTS `brestant`;

CREATE ALGORITHM=UNDEFINED DEFINER=`root`@`localhost` SQL SECURITY DEFINER VIEW `brestant` AS select distinct `billet`.`projectionID` AS `projectionID`,count(0) AS `NdrBillet` from `billet` group by `billet`.`projectionID` order by `NdrBillet`;

-- --------------------------------------------------------

--
-- Structure for view `fmoment`
--
DROP TABLE IF EXISTS `fmoment`;

CREATE ALGORITHM=UNDEFINED DEFINER=`root`@`localhost` SQL SECURITY DEFINER VIEW `fmoment` AS select distinct `film`.`nom` AS `Film du moment` from (`film` join `projection`) where ((`film`.`filmID` = `projection`.`filmID`) and (`projection`.`day` between '2020-1-1' and '2020-2-1'));

-- --------------------------------------------------------

--
-- Structure for view `nprojete`
--
DROP TABLE IF EXISTS `nprojete`;

CREATE ALGORITHM=UNDEFINED DEFINER=`root`@`localhost` SQL SECURITY DEFINER VIEW `nprojete` AS select distinct `film`.`nom` AS `Nom du Film`,`film`.`filmID` AS `FilmID`,`projection`.`filmID` AS `NULL` from (`film` left join `projection` on((`film`.`filmID` = `projection`.`filmID`))) where isnull(`projection`.`filmID`);

--
-- Constraints for dumped tables
--

--
-- Constraints for table `acteur`
--
ALTER TABLE `acteur`
  ADD CONSTRAINT `acteur_ibfk_1` FOREIGN KEY (`filmID`) REFERENCES `film` (`filmID`);

--
-- Constraints for table `billet`
--
ALTER TABLE `billet`
  ADD CONSTRAINT `billet_ibfk_1` FOREIGN KEY (`clientID`) REFERENCES `client` (`clientID`),
  ADD CONSTRAINT `billet_ibfk_2` FOREIGN KEY (`projectionID`) REFERENCES `projection` (`projectionID`);

--
-- Constraints for table `employe`
--
ALTER TABLE `employe`
  ADD CONSTRAINT `employe_ibfk_1` FOREIGN KEY (`cinemaID`) REFERENCES `cinema` (`cinemaID`);

--
-- Constraints for table `projection`
--
ALTER TABLE `projection`
  ADD CONSTRAINT `projection_ibfk_1` FOREIGN KEY (`cinemaID`) REFERENCES `cinema` (`cinemaID`),
  ADD CONSTRAINT `projection_ibfk_2` FOREIGN KEY (`filmID`) REFERENCES `film` (`filmID`),
  ADD CONSTRAINT `projection_ibfk_3` FOREIGN KEY (`salleID`) REFERENCES `salle` (`salleID`);

/*!40101 SET CHARACTER_SET_CLIENT=@OLD_CHARACTER_SET_CLIENT */;
/*!40101 SET CHARACTER_SET_RESULTS=@OLD_CHARACTER_SET_RESULTS */;
/*!40101 SET COLLATION_CONNECTION=@OLD_COLLATION_CONNECTION */;

