-- phpMyAdmin SQL Dump
-- version 4.6.6deb5
-- https://www.phpmyadmin.net/
--
-- Client :  localhost:3306
-- Généré le :  Ven 29 Novembre 2019 à 19:21
-- Version du serveur :  10.1.24-MariaDB-6
-- Version de PHP :  7.0.22-3

SET SQL_MODE = "NO_AUTO_VALUE_ON_ZERO";
SET time_zone = "+00:00";


/*!40101 SET @OLD_CHARACTER_SET_CLIENT=@@CHARACTER_SET_CLIENT */;
/*!40101 SET @OLD_CHARACTER_SET_RESULTS=@@CHARACTER_SET_RESULTS */;
/*!40101 SET @OLD_COLLATION_CONNECTION=@@COLLATION_CONNECTION */;
/*!40101 SET NAMES utf8mb4 */;

--
-- Base de données :  `user`
--

-- --------------------------------------------------------

--
-- Structure de la table `Acteur`
--

CREATE TABLE `Acteur` (
  `acteurID` int(6) NOT NULL,
  `nom` varchar(60) NOT NULL,
  `prenom` varchar(60) NOT NULL,
  `age` varchar(60) NOT NULL,
  `sexe` varchar(60) NOT NULL,
  `filmID` varchar(60) NOT NULL
) ENGINE=InnoDB DEFAULT CHARSET=utf8mb4;

--
-- Contenu de la table `Acteur`
--

INSERT INTO `Acteur` (`acteurID`, `nom`, `prenom`, `age`, `sexe`, `filmID`) VALUES
(601, 'Johnson', 'Dwayne', '47', 'homme', '501'),
(602, 'Ferrell', 'Will', '52', 'homme', '505'),
(603, 'Carell', 'Steve', '57', 'homme', '505'),
(604, 'Stallone', 'Sylvester', '73', 'homme', '505'),
(605, 'Statham', 'Jason', '52', 'homme', '505'),
(606, 'Schwarzenegger', 'Arnold', '72', 'homme', '505'),
(607, 'Rudd', 'Paul', '50', 'homme', '505'),
(608, 'Trejo', 'Danny', '75', 'homme', '505'),
(609, 'Stiller', 'Ben', '53', 'homme', '505'),
(610, 'Johansson', 'Scarlett', '34', 'femme', '502'),
(611, 'Phoenix', 'Joaquin', '45', 'homme', '503'),
(612, 'Phoe', 'Joa', '45', 'homme', '503'),
(613, 'Dicaprio', 'Leonardo', '45', 'homme', '503'),
(614, 'Cruise', 'Tom', '57', 'homme', '503'),
(615, 'Depp', 'Johnny', '56', 'homme', '502'),
(616, 'Clooney', 'George', '58', 'homme', '502'),
(617, 'Smith', 'Will', '51', 'homme', '502'),
(618, 'Reeves', 'Keanu', '55', 'homme', '502'),
(619, 'Johnson', 'Dakota', '30', 'femme', '502'),
(620, 'Jolie', 'Angelina', '44', 'femme', '502'),
(621, 'Jennifer', 'Lawrence', '29', 'femme', '502'),
(622, 'Kidman', 'Nicole', '52', 'femme', '502'),
(623, 'Kunis', 'Mila', '36', 'femme', '502'),
(624, 'Pitt', 'Brad', '55', 'homme', '503'),
(625, 'Watson', 'Emma', '29', 'femme', '504'),
(626, 'Webb', 'Rodney', '47', 'homme', '501'),
(627, 'Jennings', 'Callum', '47', 'homme', '502'),
(628, 'Morgan', 'Melissa', '45', 'femme', '502'),
(629, 'Émond', 'Oriel', '39', 'femme', '502'),
(630, 'Rodrigues', 'Thiago', '64', 'homme', '502'),
(631, 'Poljak', 'Verica', '29', 'femme', '502'),
(632, 'Grubisic', 'Ognjenka', '69', 'femme', '502'),
(633, 'Poljak', 'Tjesimir', '51', 'homme', '590'),
(634, 'Mendoza', 'Mae', '26', 'femme', '501'),
(635, 'Étoile', 'Porter', '41', 'homme', '549'),
(636, 'Baccus', 'Gregory', '41', 'homme', '508'),
(637, 'Clayton', 'Toby', '24', 'homme', '524'),
(638, 'Dias', 'Ana', '40', 'femme', '569'),
(639, 'Bennett', 'Kiera', '54', 'femme', '518'),
(640, 'Poisson', 'Crescent', '56', 'femme', '537'),
(641, 'Cardoso', 'Julia', '21', 'femme', '504'),
(642, 'Herve', 'Arno', '52', 'homme', '510'),
(643, 'Costa', 'Leticia', '48', 'femme', '563'),
(644, 'Bartlett', 'Hermine', '75', 'femme', '533'),
(645, 'Laframboise', 'Esmeraude', '55', 'femme', '558'),
(646, 'James', 'Matilda', '34', 'femme', '545'),
(647, 'Price', 'Richard', '59', 'homme', '570'),
(648, 'Abbott', 'Charlie', '38', 'femme', '565'),
(649, 'Topic', 'Tereza', '27', 'femme', '565'),
(650, 'Varga', 'Kruno', '55', 'homme', '544'),
(651, 'Lees', 'Phoebe', '71', 'femme', '593'),
(652, 'Pavic', 'Gordana', '50', 'femme', '584'),
(653, 'Dostie', 'Francis', '27', 'homme', '560'),
(654, 'Duffet', 'Huon', '26', 'homme', '519'),
(655, 'Ricard', 'Emmeline', '51', 'femme', '595'),
(656, 'Chandler', 'Joseph', '30', 'homme', '571'),
(657, 'Rodrigue', 'Damiane', '19', 'femme', '553'),
(658, 'Brkic', 'Zrinko', '56', 'homme', '535'),
(659, 'Basic', 'Darijo', '77', 'homme', '590'),
(660, 'Dolan', 'Amy', '49', 'femme', '504'),
(661, 'Bilic', 'Mila', '28', 'femme', '587'),
(662, 'Goncalves', 'Antonio', '77', 'homme', '568'),
(663, 'Farrell', 'Jennifer', '74', 'femme', '594'),
(664, 'Martins', 'Gabrielle', '64', 'femme', '516'),
(665, 'Staples', 'Laverne', '56', 'homme', '515'),
(666, 'Antunovic', 'Nevenka', '67', 'femme', '582'),
(667, 'Wilkins', 'Oscar', '42', 'homme', '587'),
(668, 'Stephens', 'Amber', '20', 'femme', '518'),
(669, 'Farrell', 'Harry', '40', 'homme', '574'),
(670, 'Corbin', 'Favor', '45', 'femme', '587'),
(671, 'Beland', 'Claudette', '26', 'femme', '569'),
(672, 'Lima', 'Thais', '39', 'femme', '574'),
(673, 'Grubisic', 'Edi', '62', 'homme', '570'),
(674, 'Wallace', 'Brian', '36', 'homme', '535'),
(675, 'Parker', 'Harriet', '68', 'femme', '521'),
(676, 'Fisher', 'Lola', '28', 'femme', '588'),
(677, 'Loncar', 'Andela', '59', 'femme', '551'),
(678, 'Davidson', 'Isabel', '28', 'femme', '595'),
(679, 'Leonard', 'Kyle', '57', 'homme', '559'),
(680, 'Bozic', 'Anja', '54', 'femme', '509'),
(681, 'Correia', 'Yasmin', '32', 'femme', '592'),
(682, 'Topic', 'Brankica', '56', 'femme', '563'),
(683, 'Lapointe', 'Harriette', '24', 'femme', '545'),
(684, 'Kang', 'Christian', '51', 'homme', '506'),
(685, 'Harquin', 'Baptiste', '61', 'femme', '555'),
(686, 'Almeida', 'Breno', '37', 'homme', '568'),
(687, 'Arnold', 'Raymond', '76', 'homme', '566'),
(688, 'Laisne', 'Pomeroy', '40', 'homme', '514'),
(689, 'Vadeboncoeur', 'Eglantine', '54', 'femme', '579'),
(690, 'Boisclair', 'Pryor', '54', 'homme', '576'),
(691, 'Guimond', 'Vail', '42', 'homme', '558'),
(692, 'Barber', 'Alfie', '22', 'homme', '563'),
(693, 'Hughes', 'Julie', '23', 'femme', '596'),
(694, 'Burns', 'Max', '19', 'homme', '592'),
(695, 'Jacobs', 'Samuel', '30', 'homme', '561'),
(696, 'Condon', 'Kevin', '26', 'homme', '559'),
(697, 'Ali', 'Holly', '34', 'femme', '556'),
(698, 'Ayot', 'Phillipa', '20', 'femme', '596'),
(699, 'Barisic', 'Antonela', '71', 'femme', '536'),
(700, 'Matkovic', 'Simun', '77', 'homme', '514'),
(701, 'Zivkovic', 'Jelica', '50', 'femme', '503'),
(702, 'Barbosa', 'Vitoria', '33', 'femme', '539'),
(703, 'Katic', 'Cvijeta', '70', 'femme', '549'),
(704, 'Gpant', 'Zak', '49', 'homme', '554'),
(705, 'Buford', 'Lenora', '53', 'femme', '558'),
(706, 'Carvalho', 'Beatriz', '55', 'femme', '565'),
(707, 'Finley', 'Steven', '28', 'homme', '544'),
(708, 'Barros', 'Luis', '54', 'homme', '548'),
(709, 'Théberge', 'Somer', '69', 'homme', '537'),
(710, 'Redmond', 'Benjamin', '72', 'homme', '580'),
(711, 'Winkleman', 'John', '45', 'homme', '586'),
(712, 'Cosic', 'Pejo', '21', 'homme', '577'),
(713, 'Storey', 'Jake', '31', 'homme', '505'),
(714, 'Smith', 'Jennifer', '47', 'femme', '576'),
(715, 'Gibson', 'David', '55', 'homme', '529'),
(716, 'Shepherd', 'Greg', '71', 'homme', '521'),
(717, 'Boling', 'Albert', '25', 'homme', '562'),
(718, 'Bodnjak', 'Marija', '29', 'femme', '555'),
(719, 'Martins', 'Gabriela', '59', 'femme', '596'),
(720, 'Petrovic', 'Suncana', '75', 'femme', '580'),
(721, 'Vidovic', 'Ljubomir', '55', 'homme', '565'),
(722, 'Jurisic', 'Veselko', '63', 'homme', '596'),
(723, 'Castro', 'Carolina', '61', 'femme', '582'),
(724, 'Trudeau', 'Aiglentina', '63', 'femme', '582'),
(725, 'Marsh', 'Joel', '75', 'homme', '543'),
(726, 'Guertin', 'Toussaint', '30', 'homme', '588'),
(727, 'Demers', 'Joanna', '47', 'femme', '584'),
(728, 'Long', 'Gregory', '52', 'homme', '569'),
(729, 'Gpant', 'Cameron', '49', 'homme', '542'),
(730, 'Chalut', 'Delit', '33', 'femme', '527'),
(731, 'Gaillard', 'Granville', '28', 'homme', '520'),
(732, 'Cavalcanti', 'Igor', '58', 'homme', '597'),
(733, 'Charpie', 'Diane', '64', 'femme', '571'),
(734, 'Giguere', 'Yvette', '45', 'femme', '554'),
(735, 'Varga', 'Dragoslav', '22', 'homme', '525'),
(736, 'Barbosa', 'Leila', '28', 'femme', '584'),
(737, 'Butcher', 'Mohammad', '62', 'homme', '549'),
(738, 'Loncar', 'Drziha', '72', 'homme', '598'),
(739, 'Hayes', 'Phoebe', '63', 'femme', '598'),
(740, 'Ribeiro', 'Caio', '69', 'homme', '560'),
(741, 'Jerkovic', 'Jozo', '32', 'homme', '523'),
(742, 'Maravilla', 'George', '67', 'homme', '538'),
(743, 'Power', 'Freya', '59', 'femme', '562'),
(744, 'Marusic', 'Paula', '66', 'femme', '590'),
(745, 'Brkic', 'Anita', '27', 'femme', '526'),
(746, 'Edwards', 'Louie', '46', 'homme', '554'),
(747, 'Bourassa', 'Clemence', '25', 'femme', '544'),
(748, 'May', 'Jake', '32', 'homme', '545'),
(749, 'Parker', 'Petter', '45', 'femme', '579'),
(750, 'Metcalfe', 'Abbie', '48', 'femme', '572');

-- --------------------------------------------------------

--
-- Structure de la table `Billet`
--

CREATE TABLE `Billet` (
  `billetID` int(6) NOT NULL,
  `prix` int(6) NOT NULL,
  `clientID` int(6) NOT NULL,
  `projectionID` int(6) NOT NULL
) ENGINE=InnoDB DEFAULT CHARSET=utf8mb4;

--
-- Contenu de la table `Billet`
--

INSERT INTO `Billet` (`billetID`, `prix`, `clientID`, `projectionID`) VALUES
(1101, 7, 846, 181),
(1102, 7, 907, 40),
(1103, 7, 872, 121),
(1104, 7, 861, 215),
(1105, 7, 940, 5),
(1106, 7, 928, 162),
(1107, 7, 901, 240),
(1108, 7, 804, 217),
(1109, 7, 838, 142),
(1110, 7, 834, 261),
(1111, 7, 881, 33),
(1112, 7, 884, 112),
(1113, 7, 924, 200),
(1114, 7, 855, 114),
(1115, 7, 921, 4),
(1116, 7, 916, 98),
(1117, 7, 814, 77),
(1118, 7, 932, 53),
(1119, 7, 922, 53),
(1120, 7, 910, 224),
(1121, 7, 834, 27),
(1122, 7, 809, 223),
(1123, 7, 877, 169),
(1124, 7, 947, 42),
(1125, 7, 875, 3),
(1126, 7, 884, 48),
(1127, 7, 948, 10),
(1128, 7, 828, 93),
(1129, 7, 926, 134),
(1130, 7, 882, 142),
(1131, 7, 937, 187),
(1132, 7, 876, 137),
(1133, 7, 901, 50),
(1134, 7, 836, 114),
(1135, 7, 814, 121),
(1136, 7, 905, 151),
(1137, 7, 886, 75),
(1138, 7, 837, 46),
(1139, 7, 807, 186),
(1140, 7, 851, 158),
(1141, 7, 842, 168),
(1142, 7, 917, 157),
(1143, 7, 807, 145),
(1144, 7, 810, 106),
(1145, 7, 827, 7),
(1146, 7, 830, 75),
(1147, 7, 827, 261),
(1148, 7, 860, 18),
(1149, 7, 860, 121),
(1150, 7, 925, 106),
(1151, 7, 825, 13),
(1152, 7, 829, 135),
(1153, 7, 910, 34),
(1154, 7, 813, 117),
(1155, 7, 831, 3),
(1156, 7, 849, 191),
(1157, 7, 855, 174),
(1158, 7, 813, 62),
(1159, 7, 862, 211),
(1160, 7, 889, 165),
(1161, 7, 933, 32),
(1162, 7, 927, 164),
(1163, 7, 857, 35),
(1164, 7, 843, 184),
(1165, 7, 836, 260),
(1166, 7, 832, 154),
(1167, 7, 808, 166),
(1168, 7, 917, 101),
(1169, 7, 910, 207),
(1170, 7, 932, 74),
(1171, 7, 937, 114),
(1172, 7, 853, 21),
(1173, 7, 937, 245),
(1174, 7, 811, 222),
(1175, 7, 908, 255),
(1176, 7, 855, 134),
(1177, 7, 860, 246),
(1178, 7, 913, 81),
(1179, 7, 831, 189),
(1180, 7, 879, 244),
(1181, 7, 893, 203),
(1182, 7, 903, 126),
(1183, 7, 917, 44),
(1184, 7, 912, 182),
(1185, 7, 849, 179),
(1186, 7, 867, 150),
(1187, 7, 824, 197),
(1188, 7, 882, 55),
(1189, 7, 922, 208),
(1190, 7, 935, 144),
(1191, 7, 843, 7),
(1192, 7, 914, 96),
(1193, 7, 866, 171),
(1194, 7, 889, 51),
(1195, 7, 840, 91),
(1196, 7, 917, 83),
(1197, 7, 813, 64),
(1198, 7, 843, 92),
(1199, 7, 835, 85),
(1200, 7, 927, 16),
(1201, 7, 925, 24),
(1202, 7, 908, 130),
(1203, 7, 884, 123),
(1204, 7, 937, 124),
(1205, 7, 920, 59),
(1206, 7, 930, 198),
(1207, 7, 872, 33),
(1208, 7, 874, 35),
(1209, 7, 854, 41),
(1210, 7, 905, 33),
(1211, 7, 818, 119),
(1212, 7, 891, 259),
(1213, 7, 879, 91),
(1214, 7, 808, 16),
(1215, 7, 885, 88),
(1216, 7, 811, 59),
(1217, 7, 851, 270),
(1218, 7, 940, 86),
(1219, 7, 856, 115),
(1220, 7, 892, 169),
(1221, 7, 947, 8),
(1222, 7, 870, 148),
(1223, 7, 945, 263),
(1224, 7, 830, 248),
(1225, 7, 939, 266),
(1226, 7, 816, 77),
(1227, 7, 885, 7),
(1228, 7, 910, 96),
(1229, 7, 919, 110),
(1230, 7, 938, 79),
(1231, 7, 883, 221),
(1232, 7, 843, 72),
(1233, 7, 802, 28),
(1234, 7, 907, 219),
(1235, 7, 827, 133),
(1236, 7, 942, 55),
(1237, 7, 927, 62),
(1238, 7, 870, 258),
(1239, 7, 860, 222),
(1240, 7, 915, 4),
(1241, 7, 898, 177),
(1242, 7, 900, 23),
(1243, 7, 943, 216),
(1244, 7, 895, 18),
(1245, 7, 919, 193),
(1246, 7, 831, 151),
(1247, 7, 849, 127),
(1248, 7, 919, 8),
(1249, 7, 886, 75),
(1250, 7, 815, 181),
(1251, 7, 840, 177),
(1252, 7, 945, 258),
(1253, 7, 928, 159),
(1254, 7, 830, 116),
(1255, 7, 904, 160),
(1256, 7, 836, 70),
(1257, 7, 848, 69),
(1258, 7, 879, 228),
(1259, 7, 822, 212),
(1260, 7, 875, 81),
(1261, 7, 943, 209),
(1262, 7, 926, 44),
(1263, 7, 910, 267),
(1264, 7, 864, 71),
(1265, 7, 884, 18),
(1266, 7, 927, 149),
(1267, 7, 802, 7),
(1268, 7, 831, 202),
(1269, 7, 893, 150),
(1270, 7, 918, 147),
(1271, 7, 849, 11),
(1272, 7, 861, 269),
(1273, 7, 924, 261),
(1274, 7, 907, 7),
(1275, 7, 830, 186),
(1276, 7, 811, 133),
(1277, 7, 916, 54),
(1278, 7, 846, 8),
(1279, 7, 830, 235),
(1280, 7, 872, 99),
(1281, 7, 940, 212),
(1282, 7, 943, 229),
(1283, 7, 929, 12),
(1284, 7, 857, 197),
(1285, 7, 945, 95),
(1286, 7, 935, 187),
(1287, 7, 815, 267),
(1288, 7, 817, 232),
(1289, 7, 877, 269),
(1290, 7, 899, 156),
(1291, 7, 931, 103),
(1292, 7, 909, 104),
(1293, 7, 931, 166),
(1294, 7, 873, 203),
(1295, 7, 870, 41),
(1296, 7, 942, 47),
(1297, 7, 907, 33),
(1298, 7, 918, 96),
(1299, 7, 881, 153),
(1300, 7, 919, 176),
(1301, 7, 869, 132),
(1302, 7, 910, 181),
(1303, 7, 838, 98),
(1304, 7, 874, 107),
(1305, 7, 929, 269),
(1306, 7, 822, 232),
(1307, 7, 931, 72),
(1308, 7, 940, 239),
(1309, 7, 913, 140),
(1310, 7, 872, 213),
(1311, 7, 941, 257),
(1312, 7, 865, 235),
(1313, 7, 925, 262),
(1314, 7, 880, 175),
(1315, 7, 916, 220),
(1316, 7, 809, 29),
(1317, 7, 811, 256),
(1318, 7, 822, 231),
(1319, 7, 886, 8),
(1320, 7, 914, 174),
(1321, 7, 944, 227),
(1322, 7, 950, 27),
(1323, 7, 927, 261),
(1324, 7, 934, 267),
(1325, 7, 867, 43),
(1326, 7, 866, 69),
(1327, 7, 878, 246),
(1328, 7, 907, 269),
(1329, 7, 842, 75),
(1330, 7, 824, 20),
(1331, 7, 815, 215),
(1332, 7, 814, 116),
(1333, 7, 922, 3),
(1334, 7, 871, 197),
(1335, 7, 867, 39),
(1336, 7, 892, 204),
(1337, 7, 926, 246),
(1338, 7, 912, 148),
(1339, 7, 950, 119),
(1340, 7, 905, 97),
(1341, 7, 892, 19),
(1342, 7, 816, 178),
(1343, 7, 909, 251),
(1344, 7, 937, 77),
(1345, 7, 853, 1),
(1346, 7, 872, 57),
(1347, 7, 889, 183),
(1348, 7, 862, 97),
(1349, 7, 861, 129),
(1350, 7, 882, 68),
(1351, 7, 838, 7),
(1352, 7, 926, 175),
(1353, 7, 933, 196),
(1354, 7, 898, 151),
(1355, 7, 863, 39),
(1356, 7, 866, 2),
(1357, 7, 909, 150),
(1358, 7, 913, 49),
(1359, 7, 905, 180),
(1360, 7, 857, 201),
(1361, 7, 830, 67),
(1362, 7, 873, 137),
(1363, 7, 867, 112),
(1364, 7, 915, 246),
(1365, 7, 889, 179),
(1366, 7, 904, 107),
(1367, 7, 928, 265),
(1368, 7, 885, 217),
(1369, 7, 808, 37),
(1370, 7, 825, 114),
(1371, 7, 931, 149),
(1372, 7, 898, 252),
(1373, 7, 949, 265),
(1374, 7, 898, 219),
(1375, 7, 817, 23),
(1376, 7, 882, 180),
(1377, 7, 895, 259),
(1378, 7, 848, 93),
(1379, 7, 837, 33),
(1380, 7, 843, 48),
(1381, 7, 940, 135),
(1382, 7, 827, 252),
(1383, 7, 889, 118),
(1384, 7, 922, 253),
(1385, 7, 853, 221),
(1386, 7, 862, 238),
(1387, 7, 820, 99),
(1388, 7, 812, 52),
(1389, 7, 902, 192),
(1390, 7, 810, 68),
(1391, 7, 838, 154),
(1392, 7, 920, 246),
(1393, 7, 814, 181),
(1394, 7, 890, 209),
(1395, 7, 835, 4),
(1396, 7, 948, 79),
(1397, 7, 908, 242),
(1398, 7, 944, 216),
(1399, 7, 842, 228),
(1400, 7, 806, 181),
(1401, 7, 857, 192),
(1402, 7, 850, 87),
(1403, 7, 946, 105),
(1404, 7, 946, 170),
(1405, 7, 941, 12),
(1406, 7, 927, 101),
(1407, 7, 886, 151),
(1408, 7, 831, 166),
(1409, 7, 893, 261),
(1410, 7, 865, 173),
(1411, 7, 923, 56),
(1412, 7, 926, 106),
(1413, 7, 904, 66),
(1414, 7, 938, 137),
(1415, 7, 855, 85),
(1416, 7, 832, 19),
(1417, 7, 900, 56),
(1418, 7, 837, 264),
(1419, 7, 822, 178),
(1420, 7, 857, 88),
(1421, 7, 902, 7),
(1422, 7, 856, 171),
(1423, 7, 848, 175),
(1424, 7, 879, 173),
(1425, 7, 847, 73),
(1426, 7, 949, 8),
(1427, 7, 920, 231),
(1428, 7, 822, 99),
(1429, 7, 869, 196),
(1430, 7, 905, 68),
(1431, 7, 908, 98),
(1432, 7, 802, 3),
(1433, 7, 878, 217),
(1434, 7, 910, 210),
(1435, 7, 896, 166),
(1436, 7, 880, 185),
(1437, 7, 882, 10),
(1438, 7, 857, 13),
(1439, 7, 890, 252),
(1440, 7, 943, 174),
(1441, 7, 837, 218),
(1442, 7, 808, 180),
(1443, 7, 847, 72),
(1444, 7, 862, 86),
(1445, 7, 888, 266),
(1446, 7, 925, 32),
(1447, 7, 925, 72),
(1448, 7, 869, 259),
(1449, 7, 804, 98),
(1450, 7, 886, 192),
(1451, 7, 891, 208),
(1452, 7, 803, 66),
(1453, 7, 942, 92),
(1454, 7, 861, 34),
(1455, 7, 946, 199),
(1456, 7, 924, 242),
(1457, 7, 801, 204),
(1458, 7, 849, 122),
(1459, 7, 887, 57),
(1460, 7, 895, 270),
(1461, 7, 890, 27),
(1462, 7, 937, 253),
(1463, 7, 913, 84),
(1464, 7, 917, 166),
(1465, 7, 897, 80),
(1466, 7, 854, 238),
(1467, 7, 841, 81),
(1468, 7, 812, 64),
(1469, 7, 947, 26),
(1470, 7, 803, 256),
(1471, 7, 887, 74),
(1472, 7, 941, 184),
(1473, 7, 861, 249),
(1474, 7, 814, 51),
(1475, 7, 888, 133),
(1476, 7, 919, 227),
(1477, 7, 803, 202),
(1478, 7, 914, 180),
(1479, 7, 928, 197),
(1480, 7, 947, 41),
(1481, 7, 854, 28),
(1482, 7, 812, 4),
(1483, 7, 853, 33),
(1484, 7, 878, 101),
(1485, 7, 911, 189),
(1486, 7, 913, 193),
(1487, 7, 802, 149),
(1488, 7, 949, 2),
(1489, 7, 811, 217),
(1490, 7, 896, 140),
(1491, 7, 903, 219),
(1492, 7, 814, 191),
(1493, 7, 840, 119),
(1494, 7, 916, 24),
(1495, 7, 934, 166),
(1496, 7, 847, 97),
(1497, 7, 912, 83),
(1498, 7, 890, 235),
(1499, 7, 817, 204),
(1500, 7, 872, 174);

-- --------------------------------------------------------

--
-- Structure de la table `Cinema`
--

CREATE TABLE `Cinema` (
  `cinemaID` varchar(60) NOT NULL,
  `ville` varchar(60) NOT NULL,
  `adresse` varchar(60) NOT NULL
) ENGINE=InnoDB DEFAULT CHARSET=utf8mb4;

--
-- Contenu de la table `Cinema`
--

INSERT INTO `Cinema` (`cinemaID`, `ville`, `adresse`) VALUES
('Archipel', 'Paris', '17 bd de Strasbourg'),
('Beaugrenelle', 'Paris', '7 Rue Linois'),
('Bretagne', 'Paris', 'bd du Montparnasse'),
('C2L', 'Saint-Germain-en-Laye', '25 rue du Vieux-Marche'),
('Cine7', 'Élancourt', 'centre commercial des Sept-Mares'),
('Cyrano', 'Versailles', '7 Rue Rameau'),
('Défense', 'Puteaux', 'Parvis de la défense'),
('Du-Theatre', 'Celle-Saint-Cloud', 'av Charles-de-Gaulle'),
('Fontenay-le-Fleury', 'Fontenay-le-Fleury', 'place du 8-Mai-1945'),
('Frederic-dard', 'Mureaux', '77 rue Paul Doumer'),
('Gaumont', 'Boulogne', '26 Rue le Corbusier'),
('Grange', 'Bois-Arcy', 'Rue du Parc'),
('Halles', 'Paris', '101 Rue Berger'),
('Jean-marais', 'Vésinet', '59 bd Carnot'),
('Mantes-la-Jolie', 'Mantes-la-Jolie', 'Place Henri Dunant '),
('Montauban', 'Paris', '21 bd Gustave-Garrisson'),
('Montparnasse', 'Paris', '83 Boulevard du Montparnasse'),
('Parly2', 'Chesnay', '2 avenue Charles de Gaulle'),
('Poissy', 'Poissy', 'place de la République'),
('Velizy', 'Velizy', '2 avenue De Europe');

-- --------------------------------------------------------

--
-- Structure de la table `Client`
--

CREATE TABLE `Client` (
  `clientID` int(6) NOT NULL,
  `nom` varchar(60) NOT NULL,
  `prenom` varchar(60) NOT NULL,
  `age` int(6) NOT NULL,
  `sexe` varchar(60) NOT NULL
) ENGINE=InnoDB DEFAULT CHARSET=utf8mb4;

--
-- Contenu de la table `Client`
--

INSERT INTO `Client` (`clientID`, `nom`, `prenom`, `age`, `sexe`) VALUES
(801, 'Goncalves', 'Kai', 48, 'homme'),
(802, 'Peacock', 'Reece', 38, 'homme'),
(803, 'Blazevic', 'Zdenko', 47, 'homme'),
(804, 'Araujo', 'Enzo', 27, 'homme'),
(805, 'Connolly', 'Muhammad', 51, 'homme'),
(806, 'Barbosa', 'Carlos', 75, 'homme'),
(807, 'Ceh', 'Jelka', 47, 'femme'),
(808, 'Jardine', 'Lundy', 27, 'femme'),
(809, 'Peele', 'Ivan', 43, 'homme'),
(810, 'Rukavina', 'Drazen', 61, 'homme'),
(811, 'Pierce', 'Roosevelt', 33, 'homme'),
(812, 'Hanson', 'Harrison', 70, 'homme'),
(813, 'Davidson', 'Liam', 56, 'homme'),
(814, 'Fernandes', 'Arthur', 56, 'homme'),
(815, 'Hawkins', 'Bethany', 63, 'femme'),
(816, 'Croquetaigne', 'Lowell', 34, 'homme'),
(817, 'Newsome', 'Autumn', 38, 'femme'),
(818, 'Duffet', 'Millicent', 54, 'femme'),
(819, 'Marinovic', 'Zvonka', 22, 'femme'),
(820, 'Blake', 'Kyle', 53, 'homme'),
(821, 'Lebrun', 'Trinette', 50, 'femme'),
(822, 'Pitts', 'Michael', 26, 'homme'),
(823, 'Barrientos', 'Mildred', 54, 'femme'),
(824, 'Steele', 'Kyle', 51, 'homme'),
(825, 'Silva', 'Gustavo', 34, 'homme'),
(826, 'Araujo', 'Clara', 30, 'femme'),
(827, 'Lima', 'Sofia', 54, 'femme'),
(828, 'Woodward', 'Amber', 50, 'femme'),
(829, 'Gilmore', 'Ann', 24, 'femme'),
(830, 'Daniels', 'Carolyn', 32, 'femme'),
(831, 'Cross', 'Matthew', 26, 'homme'),
(832, 'Page', 'Grace', 71, 'femme'),
(833, 'Montgomery', 'John', 69, 'homme'),
(834, 'Jackson', 'Kian', 46, 'homme'),
(835, 'Countess', 'Catherine', 60, 'femme'),
(836, 'Novakovic', 'Emil', 60, 'homme'),
(837, 'Kupresak', 'Mirela', 45, 'femme'),
(838, 'Ribeiro', 'Beatriz', 29, 'femme'),
(839, 'Babin', 'Warrane', 77, 'homme'),
(840, 'Kent', 'Abigail', 36, 'femme'),
(841, 'Steele', 'Lucy', 33, 'femme'),
(842, 'Coles', 'Mark', 35, 'homme'),
(843, 'Sullivan', 'Michael', 55, 'homme'),
(844, 'Reid', 'Matilda', 61, 'femme'),
(845, 'Lane', 'Jay', 29, 'homme'),
(846, 'Coates', 'Harry', 40, 'homme'),
(847, 'Hewitt', 'Daisy', 72, 'femme'),
(848, 'Almeida', 'Sofia', 77, 'femme'),
(849, 'Johnson', 'Arthur', 24, 'homme'),
(850, 'Rocha', 'Sofia', 59, 'femme'),
(851, 'Parrish', 'Kristine', 38, 'femme'),
(852, 'Kovac', 'Gabrijel', 74, 'homme'),
(853, 'Dobbs', 'Cristine', 54, 'femme'),
(854, 'Souza', 'Felipe', 56, 'homme'),
(855, 'Vachon', 'Merci', 66, 'femme'),
(856, 'Gomes', 'Sophia', 47, 'femme'),
(857, 'Jarvis', 'Joseph', 51, 'homme'),
(858, 'Duprey', 'Robert', 32, 'homme'),
(859, 'Lear', 'Debra', 50, 'femme'),
(860, 'Laforge', 'Aubert', 74, 'homme'),
(861, 'Silva', 'Livia', 54, 'femme'),
(862, 'Howarth', 'Sarah', 39, 'femme'),
(863, 'Klaric', 'Juraj', 61, 'homme'),
(864, 'Miller', 'Michael', 25, 'homme'),
(865, 'Jurisic', 'Braslav', 28, 'homme'),
(866, 'Lima', 'Julia', 39, 'femme'),
(867, 'Deschenes', 'Fleur', 68, 'femme'),
(868, 'Almeida', 'Alice', 75, 'femme'),
(869, 'Thompson', 'Aidan', 52, 'homme'),
(870, 'Howard', 'Luke', 62, 'homme'),
(871, 'Michaud', 'Geoffrey', 29, 'homme'),
(872, 'Hovis', 'Timothy', 32, 'homme'),
(873, 'Ferland', 'Alexandre', 71, 'homme'),
(874, 'Kent', 'Lara', 63, 'femme'),
(875, 'Barisic', 'Pavo', 76, 'homme'),
(876, 'Miller', 'Michael', 71, 'homme'),
(877, 'Stipanov', 'Marijan', 26, 'homme'),
(878, 'Bordeleau', 'Voleta', 55, 'femme'),
(879, 'Perez', 'Lewis', 51, 'homme'),
(880, 'Cavalcanti', 'Kaua', 23, 'homme'),
(881, 'Brajkovic', 'Dragoslav', 42, 'homme'),
(882, 'Kovacic', 'Oliver', 65, 'homme'),
(883, 'Brent', 'Judy', 47, 'femme'),
(884, 'Barjavel', 'Anne', 76, 'femme'),
(885, 'Azevedo', 'Matilde', 47, 'femme'),
(886, 'McCabe', 'Holly', 61, 'femme'),
(887, 'Busque', 'Fitz', 70, 'homme'),
(888, 'Terry', 'Joshua', 58, 'homme'),
(889, 'Jovanovic', 'Blaga', 32, 'femme'),
(890, 'Lapierre', 'Eugenia', 67, 'femme'),
(891, 'Perry', 'Randall', 23, 'homme'),
(892, 'Ribeiro', 'Marcos', 60, 'homme'),
(893, 'Chaloux', 'Charmaine', 49, 'femme'),
(894, 'Barbosa', 'Nicolash', 53, 'homme'),
(895, 'Roux', 'Bruno', 62, 'homme'),
(896, 'Goudreau', 'Brier', 37, 'femme'),
(897, 'Chauvet', 'Yves', 58, 'homme'),
(898, 'Alves', 'Felipe', 57, 'homme'),
(899, 'Marusic', 'Gabriel', 47, 'homme'),
(900, 'Fernandes', 'Gustavo', 54, 'homme'),
(901, 'Nixon', 'Shannon', 71, 'femme'),
(902, 'Ahmed', 'Ben', 70, 'homme'),
(903, 'Goguen', 'Babette', 58, 'femme'),
(904, 'Howells', 'Freddie', 70, 'homme'),
(905, 'Gray', 'Jennifer', 76, 'femme'),
(906, 'Posavec', 'Irena', 37, 'femme'),
(907, 'Souza', 'Samuel', 73, 'homme'),
(908, 'Roussel', 'Helene', 68, 'femme'),
(909, 'Chalut', 'Somer', 55, 'homme'),
(910, 'Stokes', 'Abby', 71, 'femme'),
(911, 'Smith', 'Noah', 45, 'homme'),
(912, 'Potts', 'Louie', 44, 'homme'),
(913, 'Araujo', 'Vinicius', 21, 'homme'),
(914, 'Pitre', 'Monique', 57, 'femme'),
(915, 'Herceg', 'Bosko', 32, 'homme'),
(916, 'Riley', 'Alisha', 77, 'femme'),
(917, 'Connolly', 'Paige', 59, 'femme'),
(918, 'Melo', 'Breno', 43, 'homme'),
(919, 'Skates', 'Roger', 57, 'homme'),
(920, 'Filer', 'David', 72, 'homme'),
(921, 'Sarrazin', 'Solaine', 71, 'femme'),
(922, 'Benson', 'Victoria', 49, 'femme'),
(923, 'Grubisic', 'Milan', 53, 'homme'),
(924, 'Dotson', 'David', 68, 'homme'),
(925, 'Davies', 'Morgan', 47, 'femme'),
(926, 'Thorn', 'Maria', 25, 'femme'),
(927, 'Daniels', 'Leo', 74, 'homme'),
(928, 'Obad', 'Vera', 53, 'femme'),
(929, 'Senn', 'Ralph', 66, 'homme'),
(930, 'Dooley', 'Joseph', 34, 'homme'),
(931, 'Tkalcic', 'Mirela', 38, 'femme'),
(932, 'Gill', 'Demi', 49, 'femme'),
(933, 'Potter', 'Billy', 74, 'homme'),
(934, 'Ceh', 'Dragan', 44, 'homme'),
(935, 'Debeljak', 'Leonardo', 58, 'homme'),
(936, 'Hétu', 'Bruce', 37, 'homme'),
(937, 'Sousa', 'Julia', 40, 'femme'),
(938, 'Peele', 'Rodney', 38, 'homme'),
(939, 'Castro', 'Thais', 27, 'femme'),
(940, 'Rodrigues', 'Julian', 37, 'homme'),
(941, 'Hewitt', 'Alexander', 67, 'homme'),
(942, 'Robinson', 'Logan', 53, 'homme'),
(943, 'Allen', 'Daniel', 51, 'homme'),
(944, 'Dupont', 'Odo', 50, 'homme'),
(945, 'Carter', 'Billy', 51, 'homme'),
(946, 'Ilic', 'Danica', 56, 'femme'),
(947, 'Gomes', 'Luiza', 56, 'femme'),
(948, 'Topic', 'Krsevan', 19, 'homme'),
(949, 'Cunha', 'Thiago', 45, 'homme'),
(950, 'Parker', 'Petter', 69, 'femme');

-- --------------------------------------------------------

--
-- Structure de la table `Employe`
--

CREATE TABLE `Employe` (
  `employeID` int(6) NOT NULL,
  `nom` varchar(60) NOT NULL,
  `prenom` varchar(60) NOT NULL,
  `age` int(6) NOT NULL,
  `sexe` varchar(60) NOT NULL,
  `cinemaID` varchar(60) NOT NULL
) ENGINE=InnoDB DEFAULT CHARSET=utf8mb4;

--
-- Contenu de la table `Employe`
--

INSERT INTO `Employe` (`employeID`, `nom`, `prenom`, `age`, `sexe`, `cinemaID`) VALUES
(951, 'Pinto', 'Danilo', 45, 'homme', 'Cyrano'),
(952, 'Harris', 'Peter', 30, 'homme', 'Cyrano'),
(953, 'LeBatelier', 'Gay', 60, 'femme', 'Cyrano'),
(954, 'Parkin', 'Aaron', 29, 'homme', 'Cyrano'),
(955, 'Gpant', 'Aaron', 39, 'homme', 'Cyrano'),
(956, 'Parkin', 'Morgan', 41, 'homme', 'Cyrano'),
(957, 'Kovacic', 'Ranka', 51, 'femme', 'Cyrano'),
(958, 'Walker', 'Harriet', 71, 'femme', 'Cyrano'),
(959, 'Mathias', 'Kenneth', 63, 'homme', 'Cyrano'),
(960, 'Allsup', 'Lucia', 28, 'femme', 'Cyrano'),
(961, 'Oliveira', 'Kaua', 57, 'homme', 'Cyrano'),
(962, 'Friley', 'Robert', 66, 'homme', 'Cyrano'),
(963, 'Williams', 'Buddy', 63, 'homme', 'Cyrano'),
(964, 'Fernandes', 'Mateus', 64, 'homme', 'Cyrano'),
(965, 'Lagueux', 'Yvette', 53, 'femme', 'Cyrano'),
(966, 'Rukavina', 'Juraj', 69, 'homme', 'Cyrano'),
(967, 'Durand', 'Victor', 43, 'homme', 'Cyrano'),
(968, 'Horvath', 'John', 23, 'homme', 'Cyrano'),
(969, 'Burton', 'Hollie', 69, 'femme', 'Cyrano'),
(970, 'Castro', 'Isabela', 41, 'femme', 'Montauban'),
(971, 'Marshall', 'Douglas', 77, 'homme', 'Cyrano'),
(972, 'Blazevic', 'Sabina', 50, 'femme', 'Cyrano'),
(973, 'Charrette', 'Emmeline', 39, 'femme', 'Cyrano'),
(974, 'Pettis', 'Gilbert', 32, 'homme', 'Cyrano'),
(975, 'Harrison', 'Nathan', 52, 'homme', 'Cyrano'),
(976, 'Zehr', 'Oscar', 22, 'homme', 'Cyrano'),
(977, 'Petrie', 'Paul', 34, 'homme', 'Cyrano'),
(978, 'Cardoso', 'Marisa', 48, 'femme', 'Grange'),
(979, 'Lovric', 'Patricija', 29, 'femme', 'Défense'),
(980, 'Cameron', 'Louis', 49, 'homme', 'Défense'),
(981, 'Joly', 'Karlotta', 29, 'femme', 'Défense'),
(982, 'Sousa', 'Isabela', 23, 'femme', 'Défense'),
(983, 'Oneill', 'Rosie', 55, 'femme', 'Défense'),
(984, 'Lima', 'Fabio', 33, 'homme', 'Défense'),
(985, 'Garnier', 'Jay', 49, 'homme', 'Défense'),
(986, 'Manning', 'Joseph', 61, 'homme', 'Défense'),
(987, 'Utter', 'Randall', 31, 'homme', 'Défense'),
(988, 'Stevens', 'Albert', 68, 'homme', 'Défense'),
(989, 'Costa', 'Sofia', 50, 'femme', 'Défense'),
(990, 'Baca', 'Ralph', 69, 'homme', 'Défense'),
(991, 'Boutot', 'Marthe', 49, 'femme', 'Défense'),
(992, 'Parkerson', 'Diann', 75, 'femme', 'Défense'),
(993, 'Cliche', 'Charles', 51, 'homme', 'Défense'),
(994, 'Stipanov', 'Drziha', 32, 'homme', 'Défense'),
(995, 'Medina', 'Ana', 36, 'femme', 'Défense'),
(996, 'Pelletier', 'Royden', 48, 'homme', 'Archipel'),
(997, 'Pinto', 'Amanda', 35, 'femme', 'Défense'),
(998, 'Rocha', 'Livia', 35, 'femme', 'Velizy'),
(999, 'Kovacevic', 'Anita', 50, 'femme', 'Défense'),
(1000, 'Francis', 'Lucy', 56, 'femme', 'Défense'),
(1001, 'Sarrazin', 'Carole', 24, 'femme', 'Défense'),
(1002, 'Lapierre', 'Fealty', 34, 'femme', 'Défense'),
(1003, 'Santos', 'Luiz', 47, 'homme', 'Défense'),
(1004, 'Ferreira', 'Brenda', 48, 'femme', 'Défense'),
(1005, 'Carter', 'Harold', 70, 'homme', 'Défense'),
(1006, 'Lewis', 'Roger', 28, 'homme', 'Défense'),
(1007, 'Anic', 'Sandro', 21, 'homme', 'Poissy'),
(1008, 'Juric', 'Mateo', 67, 'homme', 'Poissy'),
(1009, 'Metheny', 'Kristopher', 58, 'homme', 'Halles'),
(1010, 'Knezevic', 'Domagoj', 53, 'homme', 'Halles'),
(1011, 'Costa', 'Mariana', 37, 'femme', 'Halles'),
(1012, 'Jukic', 'Jasna', 67, 'femme', 'Halles'),
(1013, 'Mazuret', 'Gauthier', 39, 'homme', 'Halles'),
(1014, 'Horvatincic', 'Antonela', 37, 'femme', 'Halles'),
(1015, 'Santos', 'Andre', 33, 'homme', 'Gaumont'),
(1016, 'Harrison', 'Alicia', 53, 'femme', 'Gaumont'),
(1017, 'Pranjic', 'Tena', 40, 'femme', 'Gaumont'),
(1018, 'White', 'Hilda', 39, 'femme', 'Gaumont'),
(1019, 'Mack', 'Mike', 58, 'homme', 'Mantes-la-Jolie'),
(1020, 'Alves', 'Ana', 71, 'femme', 'Gaumont'),
(1021, 'Brown', 'Dora', 57, 'femme', 'Gaumont'),
(1022, 'Jerkovic', 'Vojmil', 64, 'homme', 'Gaumont'),
(1023, 'Klobucar', 'Marijan', 19, 'homme', 'Gaumont'),
(1024, 'David', 'John', 73, 'homme', 'Gaumont'),
(1025, 'Geier', 'Theda', 68, 'femme', 'Gaumont'),
(1026, 'Lowder', 'Thomas', 52, 'homme', 'Beaugrenelle'),
(1027, 'Dupont', 'Royden', 55, 'homme', 'Beaugrenelle'),
(1028, 'Gareau', 'Guillaume', 70, 'homme', 'Beaugrenelle'),
(1029, 'Melo', 'Luan', 60, 'homme', 'Beaugrenelle'),
(1030, 'Smith', 'James', 44, 'homme', 'Jean-marais'),
(1031, 'McDougal', 'Jesus', 73, 'homme', 'Poissy'),
(1032, 'Sepulveda', 'Donald', 60, 'homme', 'Poissy'),
(1033, 'Hrvatin', 'Sandro', 75, 'homme', 'Poissy'),
(1034, 'Silva', 'Lara', 55, 'femme', 'Poissy'),
(1035, 'Metcalfe', 'Abbie', 77, 'homme', 'Poissy'),
(1036, 'Pake', 'Pete', 29, 'homme', 'Poissy'),
(1037, 'Ma', 'Jae', 66, 'femme', 'Poissy'),
(1038, 'Mae', 'Je', 16, 'femme', 'Poissy'),
(1039, 'Sepulvedap', 'Donalpd', 60, 'homme', 'Poissy'),
(1040, 'Hrvatinp', 'Spandro', 75, 'homme', 'Poissy'),
(1041, 'Silvap', 'Larpa', 55, 'femme', 'Poissy'),
(1042, 'Metcalfep', 'Apbbie', 77, 'homme', 'Poissy'),
(1043, 'Pakep', 'Pepte', 29, 'homme', 'Poissy'),
(1044, 'Mattttp', 'Jprae', 66, 'femme', 'Poissy'),
(1045, 'Mattttttt', 'Jerp', 16, 'femme', 'Poissy'),
(1046, 'Hrveatinp', 'Spanrdro', 75, 'homme', 'Poissy'),
(1047, 'Sielvap', 'Larrpa', 55, 'femme', 'Poissy'),
(1048, 'Metecalfep', 'Aapbbie', 77, 'homme', 'Poissy'),
(1049, 'Paekep', 'Peprte', 29, 'homme', 'Poissy'),
(1050, 'Matetttp', 'Jprae', 66, 'femme', 'Poissy');

-- --------------------------------------------------------

--
-- Structure de la table `Film`
--

CREATE TABLE `Film` (
  `filmID` varchar(60) NOT NULL,
  `nom` varchar(60) NOT NULL,
  `genre` varchar(60) NOT NULL,
  `director` varchar(60) NOT NULL,
  `langue` varchar(60) NOT NULL,
  `annee` int(6) NOT NULL,
  `duree` int(6) NOT NULL
) ENGINE=InnoDB DEFAULT CHARSET=utf8mb4;

--
-- Contenu de la table `Film`
--

INSERT INTO `Film` (`filmID`, `nom`, `genre`, `director`, `langue`, `annee`, `duree`) VALUES
('501', 'Fast & Furious 8', 'Action', 'F.Gary Gary', 'Anglais', 2017, 136),
('502', 'Avengers Endgame', 'Action', 'Russo Brothers', 'Anglais', 2019, 181),
('503', 'Joker', 'Horreur', 'Todd Phillips', 'Anglais', 2019, 122),
('504', 'Harry Potter 1', 'Fantastique', 'Chris Columbus', 'Anglais', 2001, 152),
('505', 'Forrest Gump', 'Action', 'Robert Zemeckis', 'Anglais', 1996, 160),
('506', 'La Ligne verte', 'Action', 'Frank Darabont', 'Anglais', 2009, 179),
('507', 'Your Name', 'Action', 'Makoto Shinkai', 'Anglais', 2017, 195),
('508', 'Green Book', 'Action', 'Peter Farrelly', 'Anglais', 2013, 139),
('509', 'La Liste de Schindler', 'Action', 'Steven Spielberg', 'Anglais', 1998, 164),
('510', 'Le Parrain', 'Action', 'Francis Ford Coppola', 'Anglais', 1995, 177),
('511', 'Le Seigneur des anneaux 1', 'Action', 'Peter Jackson', 'Anglais', 2010, 195),
('512', 'The Dark Knight', 'Action', 'Christopher Nolan', 'Anglais', 2001, 148),
('513', 'Gran Torino', 'Action', 'Clint Eastwood', 'Anglais', 2017, 182),
('514', 'Django Unchained', 'Action', 'Quentin Tarantino', 'Anglais', 2015, 177),
('515', 'Pulp Fiction', 'Action', 'Quentin Tarantino', 'Anglais', 2005, 186),
('516', 'Fight Club', 'Action', 'David Fincher', 'Anglais', 2002, 126),
('517', 'Gladiator', 'Action', 'Ridley Scott', 'Anglais', 2016, 197),
('518', 'Le Bon, la brute et le truand', 'Action', 'Sergio Leone', 'Anglais', 1992, 126),
('519', 'Seven', 'Action', 'David Fincher', 'Anglais', 2004, 163),
('520', 'Reservoir Dogs', 'Action', 'Quentin Tarantino', 'Anglais', 2001, 161),
('521', 'Warrior', 'Action', 'Gavin O Connor', 'Anglais', 2005, 143),
('522', 'Shutter Island', 'Action', 'Martin Scorsese', 'Anglais', 1992, 179),
('523', 'Ready Player One', 'Action', 'Steven Spielberg', 'Anglais', 1994, 124),
('524', 'Fenêtre sur cour', 'Action', 'Alfred Hitchcock', 'Anglais', 2010, 123),
('525', 'Scarface', 'Action', 'Brian De Palma', 'Anglais', 2009, 191),
('526', 'X-Men', 'Action', 'Matthew Vaughn', 'Anglais', 2008, 154),
('527', 'Des hommes sans loi', 'Action', 'John Hillcoat', 'Anglais', 2018, 138),
('528', 'Deadpool', 'Action', 'Tim Miller', 'Anglais', 2000, 164),
('529', 'Léon', 'Action', 'Luc Besson', 'Anglais', 2003, 141),
('530', 'Coco', 'Fantastique', 'Adrian Molina', 'Anglais', 2007, 146),
('531', 'Bohemian Rhapsody', 'Fantastique', 'Bryan Singer', 'Anglais', 1990, 158),
('532', 'Le Roi Lion', 'Fantastique', 'Roger Allers', 'Anglais', 2016, 143),
('533', 'Lion', 'Fantastique', 'Garth Davis', 'Anglais', 2014, 164),
('534', 'Inception', 'Fantastique', 'Christopher Nolan', 'Anglais', 2002, 144),
('535', 'Wall-E', 'Fantastique', 'Andrew Stanton', 'Anglais', 2005, 185),
('536', 'Titanic', 'Fantastique', 'James Cameron', 'Anglais', 2003, 132),
('537', 'Les Indestructibles', 'Fantastique', 'Brad Bird', 'Anglais', 1994, 137),
('538', 'Avatar', 'Fantastique', 'James Cameron', 'Anglais', 1999, 120),
('539', 'Alien', 'Fantastique', 'Ridley Scott', 'Anglais', 2001, 171),
('540', 'Matrix', 'Fantastique', 'Lana Wachowski', 'Anglais', 2020, 145),
('541', 'Indiana Jones', 'Fantastique', 'Steven Spielberg', 'Anglais', 1997, 175),
('542', 'Dragons', 'Fantastique', 'Donald Reignoux', 'Anglais', 1999, 178),
('543', 'Zootopie', 'Fantastique', 'Jared Bush', 'Anglais', 2013, 163),
('544', 'The Greatest Showman', 'Fantastique', 'Michael Gracey', 'Anglais', 1999, 177),
('545', 'Toy Story', 'Fantastique', 'Lee Unkrich', 'Anglais', 2001, 154),
('546', 'Spider-Man', 'Fantastique', 'Jon Watts', 'Anglais', 2002, 139),
('547', 'Retour vers le futur', 'Fantastique', 'Robert Zemeckis', 'Anglais', 2000, 191),
('548', 'Star Wars', 'Fantastique', 'Irvin Kershner', 'Anglais', 2002, 160),
('549', 'Interstellar', 'Fantastique', 'Christopher Nolan', 'Anglais', 2004, 174),
('550', 'Les Evadés', 'Comedie', 'Frank Darabont', 'Anglais', 1998, 197),
('551', 'Parasite', 'Comedie', 'Joon-ho Bong', 'Anglais', 2005, 136),
('552', 'Whiplash', 'Comedie', 'Damien Chazelle', 'Anglais', 1995, 177),
('553', 'Les Affranchis', 'Comedie', 'Martin Scorsese', 'Anglais', 2000, 185),
('554', 'Mommy', 'Comedie', 'Xavier Dolan', 'Anglais', 2008, 172),
('555', 'Usual Suspects', 'Comedie', 'Bryan Singer', 'Anglais', 1996, 161),
('556', 'Intouchables', 'Comedie', 'Eric Toledano', 'Anglais', 1991, 135),
('557', 'Au Revoir Là-haut', 'Comedie', 'Albert Dupontel', 'Anglais', 2013, 157),
('558', 'Le Dictateur', 'Comedie', 'Charles Chaplin', 'Anglais', 2014, 165),
('559', 'La Vie est belle', 'Comedie', 'Roberto Benigni', 'Anglais', 2000, 185),
('560', 'Les Temps modernes', 'Comedie', 'Charles Chaplin', 'Anglais', 1992, 185),
('561', 'Les Figures de l ombre', 'Comedie', 'Theodore Melfi', 'Anglais', 2000, 194),
('562', 'Rush', 'Comedie', 'Ron Howard', 'Anglais', 2008, 158),
('563', 'Les Lumières de la ville', 'Comedie', 'Charles Chaplin', 'Anglais', 2011, 158),
('564', 'La La Land', 'Comedie', 'Damien Chazelle', 'Anglais', 2013, 149),
('565', 'Aladdin', 'Comedie', 'John Musker', 'Anglais', 2011, 120),
('566', 'Monsters Inc', 'Comedie', 'Pete Docter', 'Anglais', 1999, 123),
('567', 'Shrek', 'Comedie', 'Andrew Adamson', 'Anglais', 2020, 177),
('568', 'Arnaque', 'Comedie', 'George Roy Hill', 'Anglais', 2013, 167),
('569', 'Moi, moche et méchant', 'Comedie', 'Chris Renaud', 'Anglais', 2001, 151),
('570', 'Les Gardiens de la Galaxie', 'Comedie', 'James Gunn', 'Anglais', 2013, 169),
('571', 'Les Mondes de Ralph', 'Comedie', 'Rich Moore', 'Anglais', 2009, 152),
('572', 'The Blues Brothers', 'Comedie', 'John Landis', 'Anglais', 1999, 176),
('573', 'The Hangover', 'Comedie', 'Todd Phillips', 'Anglais', 1993, 196),
('574', 'Very Bad Trip', 'Comedie', 'Todd Phillips', 'Anglais', 2003, 126),
('575', 'Les Aventuriers de l Arche perdue', 'Comedie', 'Steven Spielberg', 'Anglais', 2014, 171),
('576', '12 Years a Slave', 'Comedie', 'Steve McQueen', 'Anglais', 2007, 134),
('577', 'Captain Fantastic', 'Comedie', 'Matt Ross', 'Anglais', 2000, 160),
('578', 'Nous trois ou rien', 'Comedie', 'Kheiron', 'Anglais', 2001, 159),
('579', 'Edward aux mains d argent', 'Comedie', 'Tim Burton', 'Anglais', 2010, 187),
('580', 'Wonder', 'Comedie', 'Stephen Chbosky', 'Anglais', 2012, 174),
('581', 'Le Discours d un roi', 'Horreur', 'Tom Hooper', 'Anglais', 1992, 157),
('582', 'The Dark Knight Rises', 'Horreur', 'Christopher Nolan', 'Anglais', 1991, 125),
('583', 'Il faut sauver le soldat Ryan', 'Horreur', 'Steven Spielberg', 'Anglais', 1993, 154),
('584', 'Full Metal Jacket', 'Horreur', 'Stanley Kubrick', 'Anglais', 1993, 175),
('585', 'Le Pianiste', 'Horreur', 'Roman Polanski', 'Anglais', 1990, 159),
('586', 'Apocalypse Now', 'Horreur', 'Francis Ford Coppola', 'Anglais', 2009, 139),
('587', 'Voyage au bout de l enfer', 'Horreur', 'Michael Cimino', 'Anglais', 2010, 178),
('588', 'Les Sentiers de la gloire', 'Horreur', 'Stanley Kubrick', 'Anglais', 2015, 167),
('589', 'Incendies', 'Horreur', 'Denis Villeneuve', 'Anglais', 2004, 122),
('590', 'Prisoners', 'Horreur', 'Denis Villeneuve', 'Anglais', 1993, 148),
('591', 'Le Chant du Loup', 'Horreur', 'Antonin Baudry', 'Anglais', 1997, 135),
('592', 'Psychose', 'Horreur', 'Alfred Hitchcock', 'Anglais', 2002, 170),
('593', 'Million Dollar Baby', 'Horreur', 'Clint Eastwood', 'Anglais', 1992, 170),
('594', 'Edmond', 'Horreur', 'Alexis Michalik', 'Anglais', 1993, 170),
('595', 'Alabama Monroe', 'Horreur', 'Johan Heldenbergh', 'Anglais', 2007, 127),
('596', 'American History', 'Horreur', 'Tony Kaye', 'Anglais', 1999, 170),
('597', 'Il était une fois en Amérique', 'Horreur', 'Sergio Leone', 'Anglais', 2007, 150),
('598', 'Tu ne tueras point', 'Horreur', 'Mel Gibson', 'Anglais', 2004, 153),
('599', '12 hommes en colère', 'Horreur', 'Sidney Lumet', 'Anglais', 1991, 198),
('600', 'The Irishman', 'Triller', 'Martin Scorsese', 'Anglais', 2019, 210),
('601', 'Once Upon a Time in Hollywood', 'Comedie', 'Quentin Tarantino', 'Anglais', 2019, 160),
('602', 'Toy Story 4', 'Comedie', 'Josh Cooley', 'Anglais', 2019, 100),
('603', 'Frozen 2', 'Comedie', 'Jennifer Lee', 'Anglais', 2019, 103),
('604', 'Booksmart', 'Comedie', 'Olivia Wilde', 'Anglais', 2019, 105),
('605', 'John Wick: Chapter 3', 'Action', 'Chad Stahelski', 'Anglais', 2019, 130),
('606', 'Midsommar', 'Horreur', 'Ari Aster', 'Anglais', 2019, 138),
('607', 'Joker', 'Action', 'Todd Phillips', 'Anglais', 2019, 122),
('608', 'Star Wars: The Rise of Skywalker', 'Action', 'J.J. Abrams', 'Anglais', 2019, 155),
('609', 'Knives Out', 'Comedie', 'Rian Johnson', 'Anglais', 2019, 130),
('610', 'Captain Marvel', 'Action', 'Anna Boden', 'Anglais', 2019, 125),
('611', 'Ad Astra', 'Science Fiction', 'James Gray', 'Anglais', 2019, 124),
('612', 'Rocketman', 'Drame', 'Dexter Fletcher', 'Anglais', 2019, 121),
('613', 'The Lion King', 'Famille', 'Jon Favreau', 'Anglais', 2019, 118),
('614', 'Ford v Ferrari', 'Horreur', 'James Mangold', 'Anglais', 2019, 152),
('615', 'Hustlers', 'Comedie', 'Lorene Scafaria', 'Anglais', 2019, 104),
('616', 'Spider-Man: Far From Home', 'Action', 'Jon Watts', 'Anglais', 2019, 129),
('617', 'It Chapter Two', 'Horreur', 'Andrés Muschietti', 'Anglais', 2019, 170),
('618', 'Charlie\'s Angels', 'Action', 'Elizabeth Banks', 'Anglais', 2019, 118),
('619', 'Alita: Battle Angel', 'Action', 'Robert Rodriguez', 'Anglais', 2019, 122),
('620', 'How to Train Your Dragon: The Hidden World', 'Action', 'Dean DeBlois', 'Anglais', 2019, 104),
('621', 'The Lighthouse', 'Horreur', 'Robert Eggers', 'Anglais', 2019, 110),
('622', 'Terminator: Dark Fate', 'Action', 'Tim Miller', 'Anglais', 2019, 128),
('623', 'A Beautiful Day in the Neighborhood', 'Drame', 'Marielle Heller', 'Anglais', 2019, 109),
('624', 'The King', 'Drame Historique', 'David Michôd', 'Anglais', 2019, 140);

-- --------------------------------------------------------

--
-- Structure de la table `Projection`
--

CREATE TABLE `Projection` (
  `projectionID` int(6) NOT NULL,
  `heuredebut` varchar(60) NOT NULL,
  `heurefin` varchar(60) NOT NULL,
  `day` varchar(60) NOT NULL,
  `cinemaID` varchar(60) NOT NULL,
  `filmID` varchar(60) NOT NULL,
  `salleID` int(6) NOT NULL
) ENGINE=InnoDB DEFAULT CHARSET=utf8mb4;

--
-- Contenu de la table `Projection`
--

INSERT INTO `Projection` (`projectionID`, `heuredebut`, `heurefin`, `day`, `cinemaID`, `filmID`, `salleID`) VALUES
(1, '2020-1-1 10:00', '2020-1-1 13:00', '2020-1-1', 'Montparnasse', '530', 8),
(2, '2020-1-1 14:00', '2020-1-1 17:00', '2020-1-1', 'Gaumont', '530', 12),
(3, '2020-1-1 18:00', '2020-1-1 21:00', '2020-1-1', 'Poissy', '530', 14),
(4, '2020-1-1 22:00', '2020-1-1 24:00', '2020-1-1', 'Défense', '530', 12),
(5, '2020-1-2 10:00', '2020-1-2 13:00', '2020-1-2', 'Halles', '571', 14),
(6, '2020-1-2 14:00', '2020-1-2 17:00', '2020-1-2', 'Beaugrenelle', '571', 6),
(7, '2020-1-2 18:00', '2020-1-2 21:00', '2020-1-2', 'Beaugrenelle', '571', 11),
(8, '2020-1-2 22:00', '2020-1-2 24:00', '2020-1-2', 'Montparnasse', '571', 1),
(9, '2020-1-3 10:00', '2020-1-3 13:00', '2020-1-3', 'Frederic-dard', '531', 5),
(10, '2020-1-3 14:00', '2020-1-3 17:00', '2020-1-3', 'Velizy', '531', 11),
(11, '2020-1-3 18:00', '2020-1-3 21:00', '2020-1-3', 'Halles', '531', 8),
(12, '2020-1-3 22:00', '2020-1-3 24:00', '2020-1-3', 'Mantes-la-Jolie', '531', 13),
(13, '2020-1-4 10:00', '2020-1-4 13:00', '2020-1-4', 'Défense', '503', 12),
(14, '2020-1-4 14:00', '2020-1-4 17:00', '2020-1-4', 'Cyrano', '503', 10),
(15, '2020-1-4 18:00', '2020-1-4 21:00', '2020-1-4', 'Grange', '503', 13),
(16, '2020-1-4 22:00', '2020-1-4 24:00', '2020-1-4', 'Gaumont', '503', 6),
(17, '2020-1-5 10:00', '2020-1-5 13:00', '2020-1-5', 'Mantes-la-Jolie', '531', 6),
(18, '2020-1-5 14:00', '2020-1-5 17:00', '2020-1-5', 'Montparnasse', '531', 14),
(19, '2020-1-5 18:00', '2020-1-5 21:00', '2020-1-5', 'Frederic-dard', '531', 3),
(20, '2020-1-5 22:00', '2020-1-5 24:00', '2020-1-5', 'Fontenay-le-Fleury', '531', 7),
(21, '2020-1-6 10:00', '2020-1-6 13:00', '2020-1-6', 'Halles', '578', 3),
(22, '2020-1-6 14:00', '2020-1-6 17:00', '2020-1-6', 'Velizy', '578', 4),
(23, '2020-1-6 18:00', '2020-1-6 21:00', '2020-1-6', 'Cyrano', '578', 3),
(24, '2020-1-6 22:00', '2020-1-6 24:00', '2020-1-6', 'Montparnasse', '578', 15),
(25, '2020-1-7 10:00', '2020-1-7 13:00', '2020-1-7', 'Cyrano', '564', 12),
(26, '2020-1-7 14:00', '2020-1-7 17:00', '2020-1-7', 'Cyrano', '564', 15),
(27, '2020-1-7 18:00', '2020-1-7 21:00', '2020-1-7', 'Halles', '564', 8),
(28, '2020-1-7 22:00', '2020-1-7 24:00', '2020-1-7', 'Frederic-dard', '564', 8),
(29, '2020-1-8 10:00', '2020-1-8 13:00', '2020-1-8', 'Mantes-la-Jolie', '590', 10),
(30, '2020-1-8 14:00', '2020-1-8 17:00', '2020-1-8', 'Fontenay-le-Fleury', '590', 4),
(31, '2020-1-8 18:00', '2020-1-8 21:00', '2020-1-8', 'Grange', '590', 10),
(32, '2020-1-8 22:00', '2020-1-8 24:00', '2020-1-8', 'Défense', '590', 12),
(33, '2020-1-9 10:00', '2020-1-9 13:00', '2020-1-9', 'Halles', '582', 7),
(34, '2020-1-9 14:00', '2020-1-9 17:00', '2020-1-9', 'Montparnasse', '582', 4),
(35, '2020-1-9 18:00', '2020-1-9 21:00', '2020-1-9', 'Beaugrenelle', '582', 11),
(36, '2020-1-9 22:00', '2020-1-9 24:00', '2020-1-9', 'Cyrano', '582', 3),
(37, '2020-1-10 10:00', '2020-1-10 13:00', '2020-1-10', 'Cyrano', '548', 13),
(38, '2020-1-10 14:00', '2020-1-10 17:00', '2020-1-10', 'Mantes-la-Jolie', '548', 9),
(39, '2020-1-10 18:00', '2020-1-10 21:00', '2020-1-10', 'Gaumont', '548', 11),
(40, '2020-1-10 22:00', '2020-1-10 24:00', '2020-1-10', 'Cyrano', '548', 4),
(41, '2020-1-11 10:00', '2020-1-11 13:00', '2020-1-11', 'Frederic-dard', '581', 13),
(42, '2020-1-11 14:00', '2020-1-11 17:00', '2020-1-11', 'Halles', '581', 11),
(43, '2020-1-11 18:00', '2020-1-11 21:00', '2020-1-11', 'Grange', '581', 11),
(44, '2020-1-11 22:00', '2020-1-11 24:00', '2020-1-11', 'Beaugrenelle', '581', 4),
(45, '2020-1-12 10:00', '2020-1-12 13:00', '2020-1-12', 'Velizy', '504', 12),
(46, '2020-1-12 14:00', '2020-1-12 17:00', '2020-1-12', 'Montparnasse', '504', 15),
(47, '2020-1-12 18:00', '2020-1-12 21:00', '2020-1-12', 'Cyrano', '504', 12),
(48, '2020-1-12 22:00', '2020-1-12 24:00', '2020-1-12', 'Grange', '504', 15),
(49, '2020-1-13 10:00', '2020-1-13 13:00', '2020-1-13', 'Gaumont', '584', 7),
(50, '2020-1-13 14:00', '2020-1-13 17:00', '2020-1-13', 'Défense', '584', 13),
(51, '2020-1-13 18:00', '2020-1-13 21:00', '2020-1-13', 'Cine7', '584', 2),
(52, '2020-1-13 22:00', '2020-1-13 24:00', '2020-1-13', 'Beaugrenelle', '584', 14),
(53, '2020-1-14 10:00', '2020-1-14 13:00', '2020-1-14', 'Frederic-dard', '515', 2),
(54, '2020-1-14 14:00', '2020-1-14 17:00', '2020-1-14', 'Gaumont', '515', 8),
(55, '2020-1-14 18:00', '2020-1-14 21:00', '2020-1-14', 'Velizy', '515', 7),
(56, '2020-1-14 22:00', '2020-1-14 24:00', '2020-1-14', 'Cyrano', '515', 2),
(57, '2020-1-15 10:00', '2020-1-15 13:00', '2020-1-15', 'Fontenay-le-Fleury', '564', 10),
(58, '2020-1-15 14:00', '2020-1-15 17:00', '2020-1-15', 'Beaugrenelle', '564', 8),
(59, '2020-1-15 18:00', '2020-1-15 21:00', '2020-1-15', 'Montparnasse', '564', 6),
(60, '2020-1-15 22:00', '2020-1-15 24:00', '2020-1-15', 'Frederic-dard', '564', 12),
(61, '2020-1-16 10:00', '2020-1-16 13:00', '2020-1-16', 'Mantes-la-Jolie', '559', 1),
(62, '2020-1-16 14:00', '2020-1-16 17:00', '2020-1-16', 'Défense', '559', 9),
(63, '2020-1-16 18:00', '2020-1-16 21:00', '2020-1-16', 'Cyrano', '559', 3),
(64, '2020-1-16 22:00', '2020-1-16 24:00', '2020-1-16', 'Beaugrenelle', '559', 2),
(65, '2020-1-17 10:00', '2020-1-17 13:00', '2020-1-17', 'Mantes-la-Jolie', '549', 13),
(66, '2020-1-17 14:00', '2020-1-17 17:00', '2020-1-17', 'Frederic-dard', '549', 4),
(67, '2020-1-17 18:00', '2020-1-17 21:00', '2020-1-17', 'Beaugrenelle', '549', 5),
(68, '2020-1-17 22:00', '2020-1-17 24:00', '2020-1-17', 'Velizy', '549', 2),
(69, '2020-1-18 10:00', '2020-1-18 13:00', '2020-1-18', 'Fontenay-le-Fleury', '576', 3),
(70, '2020-1-18 14:00', '2020-1-18 17:00', '2020-1-18', 'Frederic-dard', '576', 15),
(71, '2020-1-18 18:00', '2020-1-18 21:00', '2020-1-18', 'Du-Theatre', '576', 9),
(72, '2020-1-18 22:00', '2020-1-18 24:00', '2020-1-18', 'Halles', '576', 5),
(73, '2020-1-19 10:00', '2020-1-19 13:00', '2020-1-19', 'Fontenay-le-Fleury', '547', 15),
(74, '2020-1-19 14:00', '2020-1-19 17:00', '2020-1-19', 'Beaugrenelle', '547', 15),
(75, '2020-1-19 18:00', '2020-1-19 21:00', '2020-1-19', 'Grange', '547', 14),
(76, '2020-1-19 22:00', '2020-1-19 24:00', '2020-1-19', 'Cyrano', '547', 4),
(77, '2020-1-20 10:00', '2020-1-20 13:00', '2020-1-20', 'Défense', '521', 4),
(78, '2020-1-20 14:00', '2020-1-20 17:00', '2020-1-20', 'Du-Theatre', '521', 13),
(79, '2020-1-20 18:00', '2020-1-20 21:00', '2020-1-20', 'Velizy', '521', 13),
(80, '2020-1-20 22:00', '2020-1-20 24:00', '2020-1-20', 'Mantes-la-Jolie', '521', 15),
(81, '2020-1-21 10:00', '2020-1-21 13:00', '2020-1-21', 'Beaugrenelle', '510', 2),
(82, '2020-1-21 14:00', '2020-1-21 17:00', '2020-1-21', 'Grange', '510', 2),
(83, '2020-1-21 18:00', '2020-1-21 21:00', '2020-1-21', 'Montparnasse', '510', 14),
(84, '2020-1-21 22:00', '2020-1-21 24:00', '2020-1-21', 'Frederic-dard', '510', 9),
(85, '2020-1-22 10:00', '2020-1-22 13:00', '2020-1-22', 'Cyrano', '544', 13),
(86, '2020-1-22 14:00', '2020-1-22 17:00', '2020-1-22', 'Défense', '544', 12),
(87, '2020-1-22 18:00', '2020-1-22 21:00', '2020-1-22', 'Halles', '544', 5),
(88, '2020-1-22 22:00', '2020-1-22 24:00', '2020-1-22', 'Frederic-dard', '544', 14),
(89, '2020-1-23 10:00', '2020-1-23 13:00', '2020-1-23', 'Cyrano', '527', 7),
(90, '2020-1-23 14:00', '2020-1-23 17:00', '2020-1-23', 'Beaugrenelle', '527', 6),
(91, '2020-1-23 18:00', '2020-1-23 21:00', '2020-1-23', 'Cyrano', '527', 10),
(92, '2020-1-23 22:00', '2020-1-23 24:00', '2020-1-23', 'Montparnasse', '527', 2),
(93, '2020-1-24 10:00', '2020-1-24 13:00', '2020-1-24', 'Fontenay-le-Fleury', '536', 10),
(94, '2020-1-24 14:00', '2020-1-24 17:00', '2020-1-24', 'Grange', '536', 3),
(95, '2020-1-24 18:00', '2020-1-24 21:00', '2020-1-24', 'Du-Theatre', '536', 1),
(96, '2020-1-24 22:00', '2020-1-24 24:00', '2020-1-24', 'Défense', '536', 4),
(97, '2020-1-25 10:00', '2020-1-25 13:00', '2020-1-25', 'Mantes-la-Jolie', '550', 2),
(98, '2020-1-25 14:00', '2020-1-25 17:00', '2020-1-25', 'Beaugrenelle', '550', 14),
(99, '2020-1-25 18:00', '2020-1-25 21:00', '2020-1-25', 'Frederic-dard', '550', 10),
(100, '2020-1-25 22:00', '2020-1-25 24:00', '2020-1-25', 'Fontenay-le-Fleury', '550', 7),
(101, '2020-1-26 10:00', '2020-1-26 13:00', '2020-1-26', 'Montparnasse', '519', 10),
(102, '2020-1-26 14:00', '2020-1-26 17:00', '2020-1-26', 'Cyrano', '519', 14),
(103, '2020-1-26 18:00', '2020-1-26 21:00', '2020-1-26', 'Grange', '519', 10),
(104, '2020-1-26 22:00', '2020-1-26 24:00', '2020-1-26', 'Défense', '519', 5),
(105, '2020-1-27 10:00', '2020-1-27 13:00', '2020-1-27', 'Halles', '576', 10),
(106, '2020-1-27 14:00', '2020-1-27 17:00', '2020-1-27', 'Gaumont', '576', 7),
(107, '2020-1-27 18:00', '2020-1-27 21:00', '2020-1-27', 'Beaugrenelle', '576', 12),
(108, '2020-1-27 22:00', '2020-1-27 24:00', '2020-1-27', 'Velizy', '576', 4),
(109, '2020-1-28 10:00', '2020-1-28 13:00', '2020-1-28', 'Défense', '529', 15),
(110, '2020-1-28 14:00', '2020-1-28 17:00', '2020-1-28', 'Cyrano', '529', 3),
(111, '2020-1-28 18:00', '2020-1-28 21:00', '2020-1-28', 'Montparnasse', '529', 15),
(112, '2020-1-28 22:00', '2020-1-28 24:00', '2020-1-28', 'Cyrano', '529', 12),
(113, '2020-1-29 10:00', '2020-1-29 13:00', '2020-1-29', 'Défense', '584', 9),
(114, '2020-1-29 14:00', '2020-1-29 17:00', '2020-1-29', 'Frederic-dard', '584', 11),
(115, '2020-1-29 18:00', '2020-1-29 21:00', '2020-1-29', 'Cyrano', '584', 9),
(116, '2020-1-29 22:00', '2020-1-29 24:00', '2020-1-29', 'Fontenay-le-Fleury', '584', 14),
(117, '2020-1-30 10:00', '2020-1-30 13:00', '2020-1-30', 'Halles', '587', 2),
(118, '2020-1-30 14:00', '2020-1-30 17:00', '2020-1-30', 'Cyrano', '587', 15),
(119, '2020-1-30 18:00', '2020-1-30 21:00', '2020-1-30', 'Fontenay-le-Fleury', '587', 9),
(120, '2020-1-30 22:00', '2020-1-30 24:00', '2020-1-30', 'C2L', '587', 9),
(121, '2020-1-31 10:00', '2020-1-31 13:00', '2020-1-31', 'Du-Theatre', '508', 3),
(122, '2020-1-31 14:00', '2020-1-31 17:00', '2020-1-31', 'Fontenay-le-Fleury', '508', 1),
(123, '2020-1-31 18:00', '2020-1-31 21:00', '2020-1-31', 'C2L', '508', 10),
(124, '2020-1-31 22:00', '2020-1-31 24:00', '2020-1-31', 'Du-Theatre', '508', 11),
(125, '2020-2-1 10:00', '2020-2-1 13:00', '2020-2-1', 'Fontenay-le-Fleury', '552', 11),
(126, '2020-2-1 14:00', '2020-2-1 17:00', '2020-2-1', 'C2L', '552', 8),
(127, '2020-2-1 18:00', '2020-2-1 21:00', '2020-2-1', 'Du-Theatre', '552', 11),
(128, '2020-2-1 22:00', '2020-2-1 24:00', '2020-2-1', 'Halles', '552', 12),
(129, '2020-2-2 10:00', '2020-2-2 13:00', '2020-2-2', 'Grange', '582', 3),
(130, '2020-2-2 14:00', '2020-2-2 17:00', '2020-2-2', 'Bretagne', '582', 7),
(131, '2020-2-2 18:00', '2020-2-2 21:00', '2020-2-2', 'Frederic-dard', '582', 2),
(132, '2020-2-2 22:00', '2020-2-2 24:00', '2020-2-2', 'Archipel', '582', 14),
(133, '2020-2-3 10:00', '2020-2-3 13:00', '2020-2-3', 'Beaugrenelle', '541', 12),
(134, '2020-2-3 14:00', '2020-2-3 17:00', '2020-2-3', 'Gaumont', '541', 13),
(135, '2020-2-3 18:00', '2020-2-3 21:00', '2020-2-3', 'Cyrano', '541', 4),
(136, '2020-2-3 22:00', '2020-2-3 24:00', '2020-2-3', 'Jean-marais', '541', 1),
(137, '2020-2-4 10:00', '2020-2-4 13:00', '2020-2-4', 'Archipel', '557', 9),
(138, '2020-2-4 14:00', '2020-2-4 17:00', '2020-2-4', 'Montparnasse', '557', 6),
(139, '2020-2-4 18:00', '2020-2-4 21:00', '2020-2-4', 'Beaugrenelle', '557', 15),
(140, '2020-2-4 22:00', '2020-2-4 24:00', '2020-2-4', 'Défense', '557', 5),
(141, '2020-2-5 10:00', '2020-2-5 13:00', '2020-2-5', 'Velizy', '569', 12),
(142, '2020-2-5 14:00', '2020-2-5 17:00', '2020-2-5', 'Fontenay-le-Fleury', '569', 13),
(143, '2020-2-5 18:00', '2020-2-5 21:00', '2020-2-5', 'Montauban', '569', 2),
(144, '2020-2-5 22:00', '2020-2-5 24:00', '2020-2-5', 'Jean-marais', '569', 5),
(145, '2020-2-6 10:00', '2020-2-6 13:00', '2020-2-6', 'Montparnasse', '515', 7),
(146, '2020-2-6 14:00', '2020-2-6 17:00', '2020-2-6', 'Halles', '515', 11),
(147, '2020-2-6 18:00', '2020-2-6 21:00', '2020-2-6', 'Frederic-dard', '515', 4),
(148, '2020-2-6 22:00', '2020-2-6 24:00', '2020-2-6', 'Beaugrenelle', '515', 12),
(149, '2020-2-7 10:00', '2020-2-7 13:00', '2020-2-7', 'Défense', '503', 6),
(150, '2020-2-7 14:00', '2020-2-7 17:00', '2020-2-7', 'Velizy', '503', 2),
(151, '2020-2-7 18:00', '2020-2-7 21:00', '2020-2-7', 'Gaumont', '503', 15),
(152, '2020-2-7 22:00', '2020-2-7 24:00', '2020-2-7', 'Fontenay-le-Fleury', '503', 12),
(153, '2020-2-8 10:00', '2020-2-8 13:00', '2020-2-8', 'Jean-marais', '549', 6),
(154, '2020-2-8 14:00', '2020-2-8 17:00', '2020-2-8', 'Montparnasse', '549', 5),
(155, '2020-2-8 18:00', '2020-2-8 21:00', '2020-2-8', 'Archipel', '549', 3),
(156, '2020-2-8 22:00', '2020-2-8 24:00', '2020-2-8', 'Défense', '549', 8),
(157, '2020-2-9 10:00', '2020-2-9 13:00', '2020-2-9', 'Beaugrenelle', '517', 2),
(158, '2020-2-9 14:00', '2020-2-9 17:00', '2020-2-9', 'Archipel', '517', 14),
(159, '2020-2-9 18:00', '2020-2-9 21:00', '2020-2-9', 'Montauban', '517', 6),
(160, '2020-2-9 22:00', '2020-2-9 24:00', '2020-2-9', 'Cyrano', '517', 10),
(161, '2020-2-10 10:00', '2020-2-10 13:00', '2020-2-10', 'Halles', '533', 12),
(162, '2020-2-10 14:00', '2020-2-10 17:00', '2020-2-10', 'Grange', '533', 10),
(163, '2020-2-10 18:00', '2020-2-10 21:00', '2020-2-10', 'Montauban', '533', 6),
(164, '2020-2-10 22:00', '2020-2-10 24:00', '2020-2-10', 'Gaumont', '533', 13),
(165, '2020-2-11 10:00', '2020-2-11 13:00', '2020-2-11', 'Cyrano', '516', 11),
(166, '2020-2-11 14:00', '2020-2-11 17:00', '2020-2-11', 'Montparnasse', '516', 14),
(167, '2020-2-11 18:00', '2020-2-11 21:00', '2020-2-11', 'Cyrano', '516', 7),
(168, '2020-2-11 22:00', '2020-2-11 24:00', '2020-2-11', 'Velizy', '516', 12),
(169, '2020-2-12 10:00', '2020-2-12 13:00', '2020-2-12', 'Beaugrenelle', '526', 11),
(170, '2020-2-12 14:00', '2020-2-12 17:00', '2020-2-12', 'Cyrano', '526', 1),
(171, '2020-2-12 18:00', '2020-2-12 21:00', '2020-2-12', 'Défense', '526', 14),
(172, '2020-2-12 22:00', '2020-2-12 24:00', '2020-2-12', 'Archipel', '526', 8),
(173, '2020-2-13 10:00', '2020-2-13 13:00', '2020-2-13', 'Halles', '595', 10),
(174, '2020-2-13 14:00', '2020-2-13 17:00', '2020-2-13', 'Cyrano', '595', 1),
(175, '2020-2-13 18:00', '2020-2-13 21:00', '2020-2-13', 'Beaugrenelle', '595', 6),
(176, '2020-2-13 22:00', '2020-2-13 24:00', '2020-2-13', 'Cyrano', '595', 14),
(177, '2020-2-14 10:00', '2020-2-14 13:00', '2020-2-14', 'Frederic-dard', '504', 15),
(178, '2020-2-14 14:00', '2020-2-14 17:00', '2020-2-14', 'Montparnasse', '504', 7),
(179, '2020-2-14 18:00', '2020-2-14 21:00', '2020-2-14', 'Cyrano', '504', 4),
(180, '2020-2-14 22:00', '2020-2-14 24:00', '2020-2-14', 'Défense', '504', 7),
(181, '2020-2-15 10:00', '2020-2-15 13:00', '2020-2-15', 'Archipel', '530', 15),
(182, '2020-2-15 14:00', '2020-2-15 17:00', '2020-2-15', 'Velizy', '530', 4),
(183, '2020-2-15 18:00', '2020-2-15 21:00', '2020-2-15', 'Grange', '530', 3),
(184, '2020-2-15 22:00', '2020-2-15 24:00', '2020-2-15', 'Mantes-la-Jolie', '530', 9),
(185, '2020-2-16 10:00', '2020-2-16 13:00', '2020-2-16', 'Jean-marais', '524', 8),
(186, '2020-2-16 14:00', '2020-2-16 17:00', '2020-2-16', 'Défense', '524', 9),
(187, '2020-2-16 18:00', '2020-2-16 21:00', '2020-2-16', 'Cyrano', '524', 11),
(188, '2020-2-16 22:00', '2020-2-16 24:00', '2020-2-16', 'Gaumont', '524', 8),
(189, '2020-2-17 10:00', '2020-2-17 13:00', '2020-2-17', 'Jean-marais', '540', 1),
(190, '2020-2-17 14:00', '2020-2-17 17:00', '2020-2-17', 'Montparnasse', '540', 8),
(191, '2020-2-17 18:00', '2020-2-17 21:00', '2020-2-17', 'Halles', '540', 13),
(192, '2020-2-17 22:00', '2020-2-17 24:00', '2020-2-17', 'Cyrano', '540', 12),
(193, '2020-2-18 10:00', '2020-2-18 13:00', '2020-2-18', 'Archipel', '517', 11),
(194, '2020-2-18 14:00', '2020-2-18 17:00', '2020-2-18', 'Cyrano', '517', 14),
(195, '2020-2-18 18:00', '2020-2-18 21:00', '2020-2-18', 'Beaugrenelle', '517', 4),
(196, '2020-2-18 22:00', '2020-2-18 24:00', '2020-2-18', 'Frederic-dard', '517', 5),
(197, '2020-2-19 10:00', '2020-2-19 13:00', '2020-2-19', 'Jean-marais', '594', 10),
(198, '2020-2-19 14:00', '2020-2-19 17:00', '2020-2-19', 'Archipel', '594', 11),
(199, '2020-2-19 18:00', '2020-2-19 21:00', '2020-2-19', 'Beaugrenelle', '594', 4),
(200, '2020-2-19 22:00', '2020-2-19 24:00', '2020-2-19', 'Gaumont', '594', 4),
(201, '2020-2-20 10:00', '2020-2-20 13:00', '2020-2-20', 'Montauban', '595', 15),
(202, '2020-2-20 14:00', '2020-2-20 17:00', '2020-2-20', 'Du-Theatre', '595', 9),
(203, '2020-2-20 18:00', '2020-2-20 21:00', '2020-2-20', 'Cyrano', '595', 13),
(204, '2020-2-20 22:00', '2020-2-20 24:00', '2020-2-20', 'Gaumont', '595', 9),
(205, '2020-2-21 10:00', '2020-2-21 13:00', '2020-2-21', 'Cyrano', '519', 7),
(206, '2020-2-21 14:00', '2020-2-21 17:00', '2020-2-21', 'Beaugrenelle', '519', 9),
(207, '2020-2-21 18:00', '2020-2-21 21:00', '2020-2-21', 'Cyrano', '519', 1),
(208, '2020-2-21 22:00', '2020-2-21 24:00', '2020-2-21', 'Montauban', '519', 13),
(209, '2020-2-22 10:00', '2020-2-22 13:00', '2020-2-22', 'Mantes-la-Jolie', '584', 12),
(210, '2020-2-22 14:00', '2020-2-22 17:00', '2020-2-22', 'Défense', '584', 7),
(211, '2020-2-22 18:00', '2020-2-22 21:00', '2020-2-22', 'Cyrano', '584', 15),
(212, '2020-2-22 22:00', '2020-2-22 24:00', '2020-2-22', 'Grange', '584', 10),
(213, '2020-2-23 10:00', '2020-2-23 13:00', '2020-2-23', 'Velizy', '522', 11),
(214, '2020-2-23 14:00', '2020-2-23 17:00', '2020-2-23', 'Cyrano', '522', 6),
(215, '2020-2-23 18:00', '2020-2-23 21:00', '2020-2-23', 'Gaumont', '522', 12),
(216, '2020-2-23 22:00', '2020-2-23 24:00', '2020-2-23', 'Montparnasse', '522', 12),
(217, '2020-2-24 10:00', '2020-2-24 13:00', '2020-2-24', 'Cyrano', '525', 15),
(218, '2020-2-24 14:00', '2020-2-24 17:00', '2020-2-24', 'Frederic-dard', '525', 9),
(219, '2020-2-24 18:00', '2020-2-24 21:00', '2020-2-24', 'Cyrano', '525', 8),
(220, '2020-2-24 22:00', '2020-2-24 24:00', '2020-2-24', 'Montauban', '525', 8),
(221, '2020-2-25 10:00', '2020-2-25 13:00', '2020-2-25', 'Velizy', '532', 15),
(222, '2020-2-25 14:00', '2020-2-25 17:00', '2020-2-25', 'Grange', '532', 6),
(223, '2020-2-25 18:00', '2020-2-25 21:00', '2020-2-25', 'Beaugrenelle', '532', 10),
(224, '2020-2-25 22:00', '2020-2-25 24:00', '2020-2-25', 'Cyrano', '532', 11),
(225, '2020-2-26 10:00', '2020-2-26 13:00', '2020-2-26', 'Montparnasse', '563', 5),
(226, '2020-2-26 14:00', '2020-2-26 17:00', '2020-2-26', 'Cyrano', '563', 3),
(227, '2020-2-26 18:00', '2020-2-26 21:00', '2020-2-26', 'Halles', '563', 13),
(228, '2020-2-26 22:00', '2020-2-26 24:00', '2020-2-26', 'Grange', '563', 10),
(229, '2020-2-27 10:00', '2020-2-27 13:00', '2020-2-27', 'Du-Theatre', '577', 6),
(230, '2020-2-27 14:00', '2020-2-27 17:00', '2020-2-27', 'Frederic-dard', '577', 8),
(231, '2020-2-27 18:00', '2020-2-27 21:00', '2020-2-27', 'Montauban', '577', 6),
(232, '2020-2-27 22:00', '2020-2-27 24:00', '2020-2-27', 'Montparnasse', '577', 3),
(233, '2020-2-28 10:00', '2020-2-28 13:00', '2020-2-28', 'Beaugrenelle', '506', 5),
(234, '2020-2-28 14:00', '2020-2-28 17:00', '2020-2-28', 'Défense', '506', 2),
(235, '2020-2-28 18:00', '2020-2-28 21:00', '2020-2-28', 'Du-Theatre', '506', 13),
(236, '2020-2-28 22:00', '2020-2-28 24:00', '2020-2-28', 'Cyrano', '506', 15),
(237, '2020-2-29 10:00', '2020-2-29 13:00', '2020-2-29', 'Gaumont', '557', 8),
(238, '2020-2-29 14:00', '2020-2-29 17:00', '2020-2-29', 'Velizy', '557', 4),
(239, '2020-2-29 18:00', '2020-2-29 21:00', '2020-2-29', 'Beaugrenelle', '557', 4),
(240, '2020-2-29 22:00', '2020-2-29 24:00', '2020-2-29', 'Montparnasse', '557', 8),
(241, '2020-2-30 10:00', '2020-2-30 13:00', '2020-2-30', 'Cyrano', '564', 15),
(242, '2020-2-30 14:00', '2020-2-30 17:00', '2020-2-30', 'Archipel', '564', 9),
(243, '2020-2-30 18:00', '2020-2-30 21:00', '2020-2-30', 'Gaumont', '564', 14),
(244, '2020-2-30 22:00', '2020-2-30 24:00', '2020-2-30', 'Grange', '564', 5),
(245, '2020-2-31 10:00', '2020-2-31 13:00', '2020-2-31', 'Frederic-dard', '592', 14),
(246, '2020-2-31 14:00', '2020-2-31 17:00', '2020-2-31', 'Cyrano', '592', 5),
(247, '2020-2-31 18:00', '2020-2-31 21:00', '2020-2-31', 'Gaumont', '592', 7),
(248, '2020-2-31 22:00', '2020-2-31 24:00', '2020-2-31', 'Cyrano', '592', 8),
(249, '2020-3-1 10:00', '2020-3-1 13:00', '2020-3-1', 'Cyrano', '565', 15),
(250, '2020-3-1 14:00', '2020-3-1 17:00', '2020-3-1', 'Montauban', '565', 12),
(251, '2020-3-1 18:00', '2020-3-1 21:00', '2020-3-1', 'Gaumont', '565', 14),
(252, '2020-3-1 22:00', '2020-3-1 24:00', '2020-3-1', 'Montparnasse', '565', 12),
(253, '2020-3-2 10:00', '2020-3-2 13:00', '2020-3-2', 'Du-Theatre', '521', 15),
(254, '2020-3-2 14:00', '2020-3-2 17:00', '2020-3-2', 'Beaugrenelle', '521', 6),
(255, '2020-3-2 18:00', '2020-3-2 21:00', '2020-3-2', 'Défense', '521', 13),
(256, '2020-3-2 22:00', '2020-3-2 24:00', '2020-3-2', 'Du-Theatre', '521', 10),
(257, '2020-3-3 10:00', '2020-3-3 13:00', '2020-3-3', 'Frederic-dard', '568', 5),
(258, '2020-3-3 14:00', '2020-3-3 17:00', '2020-3-3', 'Jean-marais', '568', 5),
(259, '2020-3-3 18:00', '2020-3-3 21:00', '2020-3-3', 'Gaumont', '568', 4),
(260, '2020-3-3 22:00', '2020-3-3 24:00', '2020-3-3', 'Du-Theatre', '568', 9),
(261, '2020-3-4 10:00', '2020-3-4 13:00', '2020-3-4', 'Gaumont', '584', 12),
(262, '2020-3-4 14:00', '2020-3-4 17:00', '2020-3-4', 'Jean-marais', '584', 4),
(263, '2020-3-4 18:00', '2020-3-4 21:00', '2020-3-4', 'Halles', '584', 14),
(264, '2020-3-4 22:00', '2020-3-4 24:00', '2020-3-4', 'Archipel', '584', 12),
(265, '2020-3-5 10:00', '2020-3-5 13:00', '2020-3-5', 'Cine7', '524', 3),
(266, '2020-3-5 14:00', '2020-3-5 17:00', '2020-3-5', 'Cine7', '524', 12),
(267, '2020-3-5 18:00', '2020-3-5 21:00', '2020-3-5', 'Montparnasse', '524', 7),
(268, '2020-3-5 22:00', '2020-3-5 24:00', '2020-3-5', 'Jean-marais', '524', 6),
(269, '2020-3-6 10:00', '2020-3-6 13:00', '2020-3-6', 'Montauban', '528', 13),
(270, '2020-3-6 14:00', '2020-3-6 17:00', '2020-3-6', 'Beaugrenelle', '528', 7),
(271, '2020-3-6 18:00', '2020-3-6 21:00', '2020-3-6', 'Cine7', '528', 9),
(272, '2020-3-6 22:00', '2020-3-6 24:00', '2020-3-6', 'Velizy', '528', 1),
(273, '2020-3-7 10:00', '2020-3-7 13:00', '2020-3-7', 'Gaumont', '561', 9),
(274, '2020-3-7 14:00', '2020-3-7 17:00', '2020-3-7', 'Grange', '561', 14),
(275, '2020-3-7 18:00', '2020-3-7 21:00', '2020-3-7', 'Gaumont', '561', 1),
(276, '2020-3-7 22:00', '2020-3-7 24:00', '2020-3-7', 'Cyrano', '561', 5),
(277, '2020-3-8 10:00', '2020-3-8 13:00', '2020-3-8', 'Beaugrenelle', '545', 12),
(278, '2020-3-8 14:00', '2020-3-8 17:00', '2020-3-8', 'Grange', '545', 5),
(279, '2020-3-8 18:00', '2020-3-8 21:00', '2020-3-8', 'Défense', '545', 4),
(280, '2020-3-8 22:00', '2020-3-8 24:00', '2020-3-8', 'Velizy', '545', 14),
(281, '2020-3-9 10:00', '2020-3-9 13:00', '2020-3-9', 'Cine7', '555', 14),
(282, '2020-3-9 14:00', '2020-3-9 17:00', '2020-3-9', 'Du-Theatre', '555', 11),
(283, '2020-3-9 18:00', '2020-3-9 21:00', '2020-3-9', 'Frederic-dard', '555', 4),
(284, '2020-3-9 22:00', '2020-3-9 24:00', '2020-3-9', 'Jean-marais', '555', 9),
(285, '2020-3-10 10:00', '2020-3-10 13:00', '2020-3-10', 'Jean-marais', '598', 12),
(286, '2020-3-10 14:00', '2020-3-10 17:00', '2020-3-10', 'Cyrano', '598', 2),
(287, '2020-3-10 18:00', '2020-3-10 21:00', '2020-3-10', 'Cine7', '598', 5),
(288, '2020-3-10 22:00', '2020-3-10 24:00', '2020-3-10', 'Cyrano', '598', 6),
(289, '2020-3-11 10:00', '2020-3-11 13:00', '2020-3-11', 'Gaumont', '551', 14),
(290, '2020-3-11 14:00', '2020-3-11 17:00', '2020-3-11', 'Archipel', '551', 12),
(291, '2020-3-11 18:00', '2020-3-11 21:00', '2020-3-11', 'Cine7', '551', 5),
(292, '2020-3-11 22:00', '2020-3-11 24:00', '2020-3-11', 'Grange', '551', 11),
(293, '2020-3-12 10:00', '2020-3-12 13:00', '2020-3-12', 'Montauban', '532', 9),
(294, '2020-3-12 14:00', '2020-3-12 17:00', '2020-3-12', 'Montparnasse', '532', 3),
(295, '2020-3-12 18:00', '2020-3-12 21:00', '2020-3-12', 'Velizy', '532', 11),
(296, '2020-3-12 22:00', '2020-3-12 24:00', '2020-3-12', 'Cine7', '532', 13),
(297, '2020-3-13 10:00', '2020-3-13 13:00', '2020-3-13', 'Beaugrenelle', '582', 5),
(298, '2020-3-13 14:00', '2020-3-13 17:00', '2020-3-13', 'Frederic-dard', '582', 3),
(299, '2020-3-13 18:00', '2020-3-13 21:00', '2020-3-13', 'Cyrano', '582', 1),
(300, '2020-3-13 22:00', '2020-3-13 24:00', '2020-3-13', 'Archipel', '582', 9),
(301, '2020-3-14 10:00', '2020-3-14 13:00', '2020-3-14', 'Grange', '537', 8),
(302, '2020-3-14 14:00', '2020-3-14 17:00', '2020-3-14', 'Beaugrenelle', '537', 2),
(303, '2020-3-14 18:00', '2020-3-14 21:00', '2020-3-14', 'Défense', '537', 8),
(304, '2020-3-14 22:00', '2020-3-14 24:00', '2020-3-14', 'Cyrano', '537', 1),
(305, '2020-3-15 10:00', '2020-3-15 13:00', '2020-3-15', 'Montauban', '525', 2),
(306, '2020-3-15 14:00', '2020-3-15 17:00', '2020-3-15', 'Montparnasse', '525', 6),
(307, '2020-3-15 18:00', '2020-3-15 21:00', '2020-3-15', 'Jean-marais', '525', 3),
(308, '2020-3-15 22:00', '2020-3-15 24:00', '2020-3-15', 'Halles', '525', 4),
(309, '2020-3-16 10:00', '2020-3-16 13:00', '2020-3-16', 'Frederic-dard', '595', 11),
(310, '2020-3-16 14:00', '2020-3-16 17:00', '2020-3-16', 'Gaumont', '595', 12),
(311, '2020-3-16 18:00', '2020-3-16 21:00', '2020-3-16', 'Du-Theatre', '595', 2),
(312, '2020-3-16 22:00', '2020-3-16 24:00', '2020-3-16', 'Du-Theatre', '595', 7),
(313, '2020-3-17 10:00', '2020-3-17 13:00', '2020-3-17', 'Cyrano', '548', 15),
(314, '2020-3-17 14:00', '2020-3-17 17:00', '2020-3-17', 'Montauban', '548', 9),
(315, '2020-3-17 18:00', '2020-3-17 21:00', '2020-3-17', 'Beaugrenelle', '548', 5),
(316, '2020-3-17 22:00', '2020-3-17 24:00', '2020-3-17', 'Jean-marais', '548', 4),
(317, '2020-3-18 10:00', '2020-3-18 13:00', '2020-3-18', 'Archipel', '545', 6),
(318, '2020-3-18 14:00', '2020-3-18 17:00', '2020-3-18', 'Montparnasse', '545', 7),
(319, '2020-3-18 18:00', '2020-3-18 21:00', '2020-3-18', 'Gaumont', '545', 5),
(320, '2020-3-18 22:00', '2020-3-18 24:00', '2020-3-18', 'Halles', '545', 1),
(321, '2020-3-19 10:00', '2020-3-19 13:00', '2020-3-19', 'Grange', '520', 7),
(322, '2020-3-19 14:00', '2020-3-19 17:00', '2020-3-19', 'Gaumont', '520', 5),
(323, '2020-3-19 18:00', '2020-3-19 21:00', '2020-3-19', 'Montauban', '520', 8),
(324, '2020-3-19 22:00', '2020-3-19 24:00', '2020-3-19', 'Défense', '520', 9),
(325, '2020-3-20 10:00', '2020-3-20 13:00', '2020-3-20', 'Frederic-dard', '583', 13),
(326, '2020-3-20 14:00', '2020-3-20 17:00', '2020-3-20', 'Beaugrenelle', '583', 1),
(327, '2020-3-20 18:00', '2020-3-20 21:00', '2020-3-20', 'Montparnasse', '583', 6),
(328, '2020-3-20 22:00', '2020-3-20 24:00', '2020-3-20', 'Cyrano', '583', 1),
(329, '2020-3-21 10:00', '2020-3-21 13:00', '2020-3-21', 'Velizy', '536', 8),
(330, '2020-3-21 14:00', '2020-3-21 17:00', '2020-3-21', 'Jean-marais', '536', 11),
(331, '2020-3-21 18:00', '2020-3-21 21:00', '2020-3-21', 'Gaumont', '536', 10),
(332, '2020-3-21 22:00', '2020-3-21 24:00', '2020-3-21', 'Cyrano', '536', 11),
(333, '2020-3-22 10:00', '2020-3-22 13:00', '2020-3-22', 'Gaumont', '571', 5),
(334, '2020-3-22 14:00', '2020-3-22 17:00', '2020-3-22', 'Grange', '571', 1),
(335, '2020-3-22 18:00', '2020-3-22 21:00', '2020-3-22', 'Halles', '571', 2),
(336, '2020-3-22 22:00', '2020-3-22 24:00', '2020-3-22', 'Cyrano', '571', 15),
(337, '2020-3-23 10:00', '2020-3-23 13:00', '2020-3-23', 'Velizy', '594', 12),
(338, '2020-3-23 14:00', '2020-3-23 17:00', '2020-3-23', 'Beaugrenelle', '594', 11),
(339, '2020-3-23 18:00', '2020-3-23 21:00', '2020-3-23', 'Montparnasse', '594', 1),
(340, '2020-3-23 22:00', '2020-3-23 24:00', '2020-3-23', 'Montauban', '594', 7),
(341, '2020-3-24 10:00', '2020-3-24 13:00', '2020-3-24', 'Jean-marais', '560', 11),
(342, '2020-3-24 14:00', '2020-3-24 17:00', '2020-3-24', 'Cine7', '560', 15),
(343, '2020-3-24 18:00', '2020-3-24 21:00', '2020-3-24', 'Cyrano', '560', 2),
(344, '2020-3-24 22:00', '2020-3-24 24:00', '2020-3-24', 'Gaumont', '560', 6),
(345, '2020-3-25 10:00', '2020-3-25 13:00', '2020-3-25', 'Gaumont', '507', 6),
(346, '2020-3-25 14:00', '2020-3-25 17:00', '2020-3-25', 'Frederic-dard', '507', 13),
(347, '2020-3-25 18:00', '2020-3-25 21:00', '2020-3-25', 'Archipel', '507', 1),
(348, '2020-3-25 22:00', '2020-3-25 24:00', '2020-3-25', 'Montparnasse', '507', 9),
(349, '2020-3-26 10:00', '2020-3-26 13:00', '2020-3-26', 'Cyrano', '580', 10),
(350, '2020-3-26 14:00', '2020-3-26 17:00', '2020-3-26', 'Halles', '580', 2),
(351, '2020-3-26 18:00', '2020-3-26 21:00', '2020-3-26', 'Archipel', '580', 11),
(352, '2020-3-26 22:00', '2020-3-26 24:00', '2020-3-26', 'Montauban', '580', 10),
(353, '2020-3-27 10:00', '2020-3-27 13:00', '2020-3-27', 'Jean-marais', '598', 6),
(354, '2020-3-27 14:00', '2020-3-27 17:00', '2020-3-27', 'Beaugrenelle', '598', 15),
(355, '2020-3-27 18:00', '2020-3-27 21:00', '2020-3-27', 'Gaumont', '598', 7),
(356, '2020-3-27 22:00', '2020-3-27 24:00', '2020-3-27', 'Cyrano', '598', 12),
(357, '2020-3-28 10:00', '2020-3-28 13:00', '2020-3-28', 'Gaumont', '556', 4),
(358, '2020-3-28 14:00', '2020-3-28 17:00', '2020-3-28', 'Velizy', '556', 4),
(359, '2020-3-28 18:00', '2020-3-28 21:00', '2020-3-28', 'Gaumont', '556', 12),
(360, '2020-3-28 22:00', '2020-3-28 24:00', '2020-3-28', 'Grange', '556', 8),
(361, '2020-3-29 10:00', '2020-3-29 13:00', '2020-3-29', 'Jean-marais', '578', 4),
(362, '2020-3-29 14:00', '2020-3-29 17:00', '2020-3-29', 'Halles', '578', 9),
(363, '2020-3-29 18:00', '2020-3-29 21:00', '2020-3-29', 'Cine7', '578', 14),
(364, '2020-3-29 22:00', '2020-3-29 24:00', '2020-3-29', 'Frederic-dard', '578', 10),
(365, '2020-3-30 10:00', '2020-3-30 13:00', '2020-3-30', 'Velizy', '557', 2),
(366, '2020-3-30 14:00', '2020-3-30 17:00', '2020-3-30', 'Défense', '557', 6),
(367, '2020-3-30 18:00', '2020-3-30 21:00', '2020-3-30', 'Beaugrenelle', '557', 15),
(368, '2020-3-30 22:00', '2020-3-30 24:00', '2020-3-30', 'Montparnasse', '557', 10),
(369, '2020-3-31 10:00', '2020-3-31 13:00', '2020-3-31', 'Montauban', '581', 9),
(370, '2020-3-31 14:00', '2020-3-31 17:00', '2020-3-31', 'Gaumont', '581', 12),
(371, '2020-3-31 18:00', '2020-3-31 21:00', '2020-3-31', 'Défense', '581', 6),
(372, '2020-3-31 22:00', '2020-3-31 24:00', '2020-3-31', 'Halles', '581', 9);

-- --------------------------------------------------------

--
-- Structure de la table `Salle`
--

CREATE TABLE `Salle` (
  `salleID` int(6) NOT NULL,
  `type` varchar(60) NOT NULL,
  `capacite` int(6) NOT NULL
) ENGINE=InnoDB DEFAULT CHARSET=utf8mb4;

--
-- Contenu de la table `Salle`
--

INSERT INTO `Salle` (`salleID`, `type`, `capacite`) VALUES
(1, 'Standard', 100),
(2, 'Standard', 120),
(3, 'Standard', 150),
(4, 'Standard', 170),
(5, 'Standard', 200),
(6, 'IMAX', 100),
(7, 'IMAX', 120),
(8, 'IMAX', 150),
(9, 'IMAX', 170),
(10, 'IMAX', 200),
(11, '3D', 110),
(12, '3D', 120),
(13, '3D', 150),
(14, '3D', 170),
(15, '3D', 200);

--
-- Index pour les tables exportées
--

--
-- Index pour la table `Acteur`
--
ALTER TABLE `Acteur`
  ADD PRIMARY KEY (`acteurID`),
  ADD KEY `filmID` (`filmID`);

--
-- Index pour la table `Billet`
--
ALTER TABLE `Billet`
  ADD PRIMARY KEY (`billetID`),
  ADD KEY `clientID` (`clientID`),
  ADD KEY `projectionID` (`projectionID`);

--
-- Index pour la table `Cinema`
--
ALTER TABLE `Cinema`
  ADD PRIMARY KEY (`cinemaID`);

--
-- Index pour la table `Client`
--
ALTER TABLE `Client`
  ADD PRIMARY KEY (`clientID`);

--
-- Index pour la table `Employe`
--
ALTER TABLE `Employe`
  ADD PRIMARY KEY (`employeID`),
  ADD KEY `cinemaID` (`cinemaID`);

--
-- Index pour la table `Film`
--
ALTER TABLE `Film`
  ADD PRIMARY KEY (`filmID`);

--
-- Index pour la table `Projection`
--
ALTER TABLE `Projection`
  ADD PRIMARY KEY (`projectionID`),
  ADD KEY `cinemaID` (`cinemaID`),
  ADD KEY `filmID` (`filmID`),
  ADD KEY `salleID` (`salleID`);

--
-- Index pour la table `Salle`
--
ALTER TABLE `Salle`
  ADD PRIMARY KEY (`salleID`);

--
-- Contraintes pour les tables exportées
--

--
-- Contraintes pour la table `Acteur`
--
ALTER TABLE `Acteur`
  ADD CONSTRAINT `Acteur_ibfk_1` FOREIGN KEY (`filmID`) REFERENCES `Film` (`filmID`);

--
-- Contraintes pour la table `Billet`
--
ALTER TABLE `Billet`
  ADD CONSTRAINT `Billet_ibfk_1` FOREIGN KEY (`clientID`) REFERENCES `Client` (`clientID`),
  ADD CONSTRAINT `Billet_ibfk_2` FOREIGN KEY (`projectionID`) REFERENCES `Projection` (`projectionID`);

--
-- Contraintes pour la table `Employe`
--
ALTER TABLE `Employe`
  ADD CONSTRAINT `Employe_ibfk_1` FOREIGN KEY (`cinemaID`) REFERENCES `Cinema` (`cinemaID`);

--
-- Contraintes pour la table `Projection`
--
ALTER TABLE `Projection`
  ADD CONSTRAINT `Projection_ibfk_1` FOREIGN KEY (`cinemaID`) REFERENCES `Cinema` (`cinemaID`),
  ADD CONSTRAINT `Projection_ibfk_2` FOREIGN KEY (`filmID`) REFERENCES `Film` (`filmID`),
  ADD CONSTRAINT `Projection_ibfk_3` FOREIGN KEY (`salleID`) REFERENCES `Salle` (`salleID`);

/*!40101 SET CHARACTER_SET_CLIENT=@OLD_CHARACTER_SET_CLIENT */;
/*!40101 SET CHARACTER_SET_RESULTS=@OLD_CHARACTER_SET_RESULTS */;
/*!40101 SET COLLATION_CONNECTION=@OLD_COLLATION_CONNECTION */;
